"Survived","Pclass","Sex","Age","SibSp","Parch","Fare","Embarked","HasCabin","Fare_capped","Age_norm","Fare_norm","Age_z","Fare_z","Sex_encoded","Embarked_C","Embarked_Q","Embarked_S","Survived_label"
0,"3rd","male",22,1,0,7.25,"S",0,7.25,0.271173661724051,0.11046036834343,-0.534590915209605,-0.820091850361366,1,0,0,1,"No"
1,"1st","female",38,1,0,71.2833,"C",1,65.6344,0.472229203317416,1,0.66801657160677,2.03048281603878,0,1,0,0,"Yes"
1,"3rd","female",26,0,0,7.925,"S",0,7.925,0.321437547122393,0.120744609534025,-0.233939043505511,-0.787135480169669,0,0,0,1,"Yes"
1,"1st","female",35,1,0,53.1,"S",1,53.1,0.43453128926866,0.809026973660154,0.4425276678287,1.41850011006722,0,0,0,1,"Yes"
0,"3rd","male",35,0,0,8.05,"S",0,8.05,0.43453128926866,0.122649098643394,0.4425276678287,-0.781032448652689,1,0,0,1,"No"
0,"3rd","male",25,0,0,8.4583,"Q",0,8.4583,0.308871575772807,0.128869921870239,-0.309102011431534,-0.761097506505622,1,0,1,0,"No"
0,"1st","male",54,0,0,51.8625,"S",1,51.8625,0.673284744910782,0.790172531477396,1.87062405842314,1.35808009804911,1,0,0,1,"No"
0,"3rd","male",2,3,1,21.075,"S",0,21.075,0.0198542347323448,0.321096863839694,-2.03785027373007,-0.145096564583281,1,0,0,1,"No"
1,"3rd","female",27,0,2,11.1333,"S",0,11.1333,0.334003518471978,0.169625988810746,-0.158776075579488,-0.630492632042231,0,0,0,1,"Yes"
1,"2nd","female",14,1,0,30.0708,"C",0,30.0708,0.170645890927369,0.458156088880221,-1.13589465861779,0.294116642780371,0,1,0,0,"Yes"
1,"3rd","female",4,1,1,16.7,"S",1,16.7,0.0449861774315155,0.254439745011762,-1.88752433787803,-0.358702667677612,0,0,0,1,"Yes"
1,"1st","female",58,0,0,26.55,"S",1,26.55,0.723548630309123,0.404513486830077,2.17127593012724,0.122216215860481,0,0,0,1,"Yes"
0,"3rd","male",20,0,0,8.05,"S",0,8.05,0.246041719024881,0.122649098643394,-0.684916851061652,-0.781032448652689,1,0,0,1,"No"
0,"3rd","male",39,1,5,31.275,"S",0,31.275,0.484795174667002,0.476503175164243,0.743179539532793,0.352910807202358,1,0,0,1,"No"
0,"3rd","female",14,0,0,7.8542,"S",0,7.8542,0.170645890927369,0.119665906902478,-1.13589465861779,-0.790592237220887,0,0,0,1,"No"
1,"2nd","female",55,0,0,16,"S",0,16,0.685850716260367,0.243774605999293,1.94578702634917,-0.392879644172705,0,0,0,1,"Yes"
0,"3rd","male",2,4,1,29.125,"Q",0,29.125,0.0198542347323448,0.443745962483088,-2.03785027373007,0.247938665110287,1,0,1,0,"No"
1,"2nd","male",30,0,0,13,"S",0,13,0.371701432520734,0.198066867374426,0.0667128281985825,-0.539352400580246,1,0,0,1,"Yes"
0,"3rd","female",31,1,0,18,"S",0,18,0.384267403870319,0.274246431749205,0.141875796124606,-0.295231139901011,0,0,0,1,"No"
1,"3rd","female",21.5,0,0,7.225,"C",0,7.225,0.264890676049259,0.110079470521556,-0.572172399172616,-0.821312456664762,0,1,0,0,"Yes"
0,"2nd","male",35,0,0,26,"S",0,26,0.43453128926866,0.396133734748851,0.4425276678287,0.0953628771857652,1,0,0,1,"No"
1,"2nd","male",34,0,0,13,"S",1,13,0.421965317919075,0.198066867374426,0.367364699902676,-0.539352400580246,1,0,0,1,"Yes"
1,"3rd","female",15,0,0,8.0292,"Q",0,8.0292,0.183211862276954,0.122332191655595,-1.06073169069177,-0.782047993097114,0,0,1,0,"Yes"
1,"1st","male",28,0,0,35.5,"S",1,35.5,0.346569489821563,0.540874907060931,-0.0836131076534643,0.559193272476312,1,0,0,1,"Yes"
0,"3rd","female",8,3,1,21.075,"S",0,21.075,0.0952500628298567,0.321096863839694,-1.58687246617393,-0.145096564583281,0,0,0,1,"No"
1,"3rd","female",38,1,5,31.3875,"S",0,31.3875,0.472229203317416,0.478217215362676,0.66801657160677,0.358403535567641,0,0,0,1,"Yes"
0,"3rd","male",25,0,0,7.225,"C",0,7.225,0.308871575772807,0.110079470521556,-0.309102011431534,-0.821312456664762,1,1,0,0,"No"
0,"1st","male",19,3,2,263,"S",1,65.6344,0.233475747675295,1,-0.760079818987675,2.03048281603878,1,0,0,1,"No"
1,"3rd","female",21.5,0,0,7.8792,"Q",0,7.8792,0.264890676049259,0.120046804724352,-0.572172399172616,-0.789371630917491,0,0,1,0,"Yes"
0,"3rd","male",25,0,0,7.8958,"S",0,7.8958,0.308871575772807,0.120299720878076,-0.309102011431534,-0.788561148332036,1,0,0,1,"No"
0,"1st","male",40,0,0,27.7208,"C",0,27.7208,0.497361146016587,0.422351693624075,0.818342507458817,0.179379650261131,1,1,0,0,"No"
1,"1st","female",35,1,0,146.5208,"C",1,65.6344,0.43453128926866,1,0.4425276678287,2.03048281603878,0,1,0,0,"Yes"
1,"3rd","female",21.5,0,0,7.75,"Q",0,7.75,0.264890676049259,0.118078324780908,-0.572172399172616,-0.795679724293443,0,0,1,0,"Yes"
0,"2nd","male",66,0,0,10.5,"S",0,10.5,0.824076401105805,0.159977085187036,2.77257967353543,-0.661413030919863,1,0,0,1,"No"
0,"1st","male",28,1,0,82.1708,"C",0,65.6344,0.346569489821563,1,-0.0836131076534643,2.03048281603878,1,1,0,0,"No"
0,"1st","male",42,1,0,52,"S",0,52,0.522493088715758,0.792267469497702,0.968668443310863,1.36479343271779,1,0,0,1,"No"
1,"3rd","male",25,0,0,7.2292,"C",0,7.2292,0.308871575772807,0.110143461355631,-0.309102011431534,-0.821107394805792,1,1,0,0,"Yes"
0,"3rd","male",21,0,0,8.05,"S",0,8.05,0.258607690374466,0.122649098643394,-0.609753883135628,-0.781032448652689,1,0,0,1,"No"
0,"3rd","female",18,2,0,18,"S",0,18,0.22090977632571,0.274246431749205,-0.835242786913698,-0.295231139901011,0,0,0,1,"No"
1,"3rd","female",14,1,0,11.2417,"C",0,11.2417,0.170645890927369,0.171277561766391,-1.13589465861779,-0.625200083110706,0,1,0,0,"Yes"
0,"3rd","female",40,1,0,9.475,"S",0,9.475,0.497361146016587,0.144360274490206,0.818342507458817,-0.711457889359107,0,0,0,1,"No"
0,"2nd","female",27,1,0,21,"S",0,21,0.334003518471978,0.319954170374072,-0.158776075579488,-0.14875838349347,0,0,0,1,"No"
0,"3rd","male",25,0,0,7.8958,"C",0,7.8958,0.308871575772807,0.120299720878076,-0.309102011431534,-0.788561148332036,1,1,0,0,"No"
1,"2nd","female",3,1,2,41.5792,"C",0,41.5792,0.0324202060819301,0.633497068610363,-1.96268730580405,0.856005666060553,0,1,0,0,"Yes"
1,"3rd","female",19,0,0,7.8792,"Q",0,7.8792,0.233475747675295,0.120046804724352,-0.760079818987675,-0.789371630917491,0,0,1,0,"Yes"
0,"3rd","male",25,0,0,8.05,"S",0,8.05,0.308871575772807,0.122649098643394,-0.309102011431534,-0.781032448652689,1,0,0,1,"No"
0,"3rd","male",25,1,0,15.5,"Q",0,15.5,0.308871575772807,0.236156649561815,-0.309102011431534,-0.417291770240628,1,0,1,0,"No"
1,"3rd","female",21.5,0,0,7.75,"Q",0,7.75,0.264890676049259,0.118078324780908,-0.572172399172616,-0.795679724293443,0,0,1,0,"Yes"
0,"3rd","male",25,2,0,21.6792,"C",0,21.6792,0.308871575772807,0.330302402398742,-0.309102011431534,-0.115596951442803,1,1,0,0,"No"
0,"3rd","female",18,1,0,17.8,"S",0,17.8,0.22090977632571,0.271199249174214,-0.835242786913698,-0.30499599032818,0,0,0,1,"No"
0,"3rd","male",7,4,1,39.6875,"S",0,39.6875,0.0826840914802714,0.604675292224809,-1.66203543409996,0.763644828295171,1,0,0,1,"No"
0,"3rd","male",21,0,0,7.8,"S",0,7.8,0.258607690374466,0.118840120424655,-0.609753883135628,-0.79323851168665,1,0,0,1,"No"
1,"1st","female",49,1,0,76.7292,"C",1,65.6344,0.610454888162855,1,1.49480921879303,2.03048281603878,0,1,0,0,"Yes"
1,"2nd","female",29,1,0,26,"S",0,26,0.359135461171149,0.396133734748851,-0.00845013972744087,0.0953628771857652,0,0,0,1,"Yes"
0,"1st","male",65,0,1,61.9792,"C",1,61.9792,0.81151042975622,0.944309691259462,2.6974167056094,1.85202040963183,1,1,0,0,"No"
1,"1st","male",40,0,0,35.5,"S",1,35.5,0.497361146016587,0.540874907060931,0.818342507458817,0.559193272476312,1,0,0,1,"Yes"
1,"2nd","female",21,0,0,10.5,"S",0,10.5,0.258607690374466,0.159977085187036,-0.609753883135628,-0.661413030919863,0,0,0,1,"Yes"
0,"3rd","male",28.5,0,0,7.2292,"C",0,7.2292,0.352852475496356,0.110143461355631,-0.0460316236904526,-0.821107394805792,1,1,0,0,"No"
1,"2nd","female",5,1,2,27.75,"S",0,27.75,0.0575521487811008,0.422796582280024,-1.812361369952,0.180805318423497,0,0,0,1,"Yes"
0,"3rd","male",11,5,2,46.9,"S",0,46.9,0.132947976878613,0.714564313835428,-1.36138356239586,1.11578974682497,1,0,0,1,"No"
0,"3rd","male",22,0,0,7.2292,"C",0,7.2292,0.271173661724051,0.110143461355631,-0.534590915209605,-0.821107394805792,1,1,0,0,"No"
1,"1st","female",38,0,0,80,"S",1,65.6344,0.472229203317416,1,0.66801657160677,2.03048281603878,0,0,0,1,"Yes"
0,"1st","male",45,1,0,83.475,"S",1,65.6344,0.560191002764514,1,1.19415734708893,2.03048281603878,1,0,0,1,"No"
0,"3rd","male",4,3,2,27.9,"S",0,27.9,0.0449861774315155,0.425081969211267,-1.88752433787803,0.188128956243874,1,0,0,1,"No"
0,"1st","male",40,0,0,27.7208,"C",0,27.7208,0.497361146016587,0.422351693624075,0.818342507458817,0.179379650261131,1,1,0,0,"No"
1,"3rd","male",25,1,1,15.2458,"C",0,15.2458,0.308871575772807,0.232283680509001,-0.309102011431534,-0.429702895133561,1,1,0,0,"Yes"
1,"2nd","female",29,0,0,10.5,"S",1,10.5,0.359135461171149,0.159977085187036,-0.00845013972744087,-0.661413030919863,0,0,0,1,"Yes"
0,"3rd","male",19,0,0,8.1583,"S",0,8.1583,0.233475747675295,0.124299148007752,-0.760079818987675,-0.775744782146376,1,0,0,1,"No"
1,"3rd","female",17,4,2,7.925,"S",0,7.925,0.208343804976125,0.120744609534025,-0.910405754839722,-0.787135480169669,0,0,0,1,"Yes"
0,"3rd","male",26,2,0,8.6625,"S",0,8.6625,0.321437547122393,0.131981095279305,-0.233939043505511,-0.751127594219482,1,0,0,1,"No"
0,"2nd","male",32,0,0,10.5,"S",0,10.5,0.396833375219904,0.159977085187036,0.217038764050629,-0.661413030919863,1,0,0,1,"No"
0,"3rd","female",16,5,2,46.9,"S",0,46.9,0.195777833626539,0.714564313835428,-0.985568722765745,1.11578974682497,0,0,0,1,"No"
0,"2nd","male",21,0,0,73.5,"S",0,65.6344,0.258607690374466,1,-0.609753883135628,2.03048281603878,1,0,0,1,"No"
0,"3rd","male",26,1,0,14.4542,"C",0,14.4542,0.321437547122393,0.220222931877186,-0.233939043505511,-0.468352173124297,1,1,0,0,"No"
1,"3rd","male",32,0,0,56.4958,"S",0,56.4958,0.396833375219904,0.860765086600929,0.217038764050629,1.58429750547013,1,0,0,1,"Yes"
0,"3rd","male",25,0,0,7.65,"S",1,7.65,0.308871575772807,0.116554733493412,-0.309102011431534,-0.800562149507027,1,0,0,1,"No"
0,"3rd","male",25,0,0,7.8958,"S",0,7.8958,0.308871575772807,0.120299720878076,-0.309102011431534,-0.788561148332036,1,0,0,1,"No"
0,"3rd","male",25,0,0,8.05,"S",0,8.05,0.308871575772807,0.122649098643394,-0.309102011431534,-0.781032448652689,1,0,0,1,"No"
1,"2nd","male",0.83,0,2,29,"S",0,29,0.00515204825332998,0.441841473373719,-2.12579094620352,0.241835633593306,1,0,0,1,"Yes"
1,"3rd","female",30,0,0,12.475,"S",0,12.475,0.371701432520734,0.190068013115074,0.0667128281985825,-0.564985132951566,0,0,0,1,"Yes"
0,"3rd","male",22,0,0,9,"S",0,9,0.271173661724051,0.137123215874602,-0.534590915209605,-0.734649409123634,1,0,0,1,"No"
1,"3rd","male",29,0,0,9.5,"S",0,9.5,0.359135461171149,0.14474117231208,-0.00845013972744087,-0.71023728305571,1,0,0,1,"Yes"
1,"3rd","female",21.5,0,0,7.7875,"Q",0,7.7875,0.264890676049259,0.118649671513718,-0.572172399172616,-0.793848814838349,0,0,1,0,"Yes"
0,"1st","male",28,0,0,47.1,"S",0,47.1,0.346569489821563,0.717611496410419,-0.0836131076534643,1.12555459725214,1,0,0,1,"No"
1,"2nd","female",17,0,0,10.5,"S",0,10.5,0.208343804976125,0.159977085187036,-0.910405754839722,-0.661413030919863,0,0,0,1,"Yes"
1,"3rd","female",33,3,0,15.85,"S",0,15.85,0.40939934656949,0.24148921906805,0.292201731976653,-0.400203281993082,0,0,0,1,"Yes"
0,"3rd","male",16,1,3,34.375,"S",0,34.375,0.195777833626539,0.523734505076606,-0.985568722765745,0.504265988823484,1,0,0,1,"No"
0,"3rd","male",25,0,0,8.05,"S",0,8.05,0.308871575772807,0.122649098643394,-0.309102011431534,-0.781032448652689,1,0,0,1,"No"
1,"1st","female",23,3,2,263,"S",1,65.6344,0.283739633073637,1,-0.459427947283581,2.03048281603878,0,0,0,1,"Yes"
0,"3rd","male",24,0,0,8.05,"S",0,8.05,0.296305604423222,0.122649098643394,-0.384264979357558,-0.781032448652689,1,0,0,1,"No"
0,"3rd","male",29,0,0,8.05,"S",0,8.05,0.359135461171149,0.122649098643394,-0.00845013972744087,-0.781032448652689,1,0,0,1,"No"
0,"3rd","male",20,0,0,7.8542,"S",0,7.8542,0.246041719024881,0.119665906902478,-0.684916851061652,-0.790592237220887,1,0,0,1,"No"
0,"1st","male",46,1,0,61.175,"S",1,61.175,0.572756974114099,0.932056970125422,1.26932031501496,1.81275594606418,1,0,0,1,"No"
0,"3rd","male",26,1,2,20.575,"S",0,20.575,0.321437547122393,0.313478907402216,-0.233939043505511,-0.169508690651205,1,0,0,1,"No"
0,"3rd","male",59,0,0,7.25,"S",0,7.25,0.736114601658708,0.11046036834343,2.24643889805326,-0.820091850361366,1,0,0,1,"No"
0,"3rd","male",25,0,0,8.05,"S",0,8.05,0.308871575772807,0.122649098643394,-0.309102011431534,-0.781032448652689,1,0,0,1,"No"
0,"1st","male",71,0,0,34.6542,"C",1,34.6542,0.886906257853732,0.527988371951294,3.14839451316554,0.517897720019812,1,1,0,0,"No"
1,"1st","male",23,0,1,63.3583,"C",1,63.3583,0.283739633073637,0.965321538705313,-0.459427947283581,1.91935393575238,1,1,0,0,"Yes"
1,"2nd","female",34,0,1,23,"S",0,23,0.421965317919075,0.350425996123984,0.367364699902676,-0.0511098792217759,0,0,0,1,"Yes"
0,"2nd","male",34,1,0,26,"S",0,26,0.421965317919075,0.396133734748851,0.367364699902676,0.0953628771857652,1,0,0,1,"No"
0,"3rd","female",28,0,0,7.8958,"S",0,7.8958,0.346569489821563,0.120299720878076,-0.0836131076534643,-0.788561148332036,0,0,0,1,"No"
0,"3rd","male",25,0,0,7.8958,"S",0,7.8958,0.308871575772807,0.120299720878076,-0.309102011431534,-0.788561148332036,1,0,0,1,"No"
0,"1st","male",21,0,1,77.2875,"S",1,65.6344,0.258607690374466,1,-0.609753883135628,2.03048281603878,1,0,0,1,"No"
0,"3rd","male",33,0,0,8.6542,"S",0,8.6542,0.40939934656949,0.131854637202443,0.292201731976653,-0.75153283551221,1,0,0,1,"No"
0,"3rd","male",37,2,0,7.925,"S",0,7.925,0.459663231967831,0.120744609534025,0.592853603680746,-0.787135480169669,1,0,0,1,"No"
0,"3rd","male",28,0,0,7.8958,"S",0,7.8958,0.346569489821563,0.120299720878076,-0.0836131076534643,-0.788561148332036,1,0,0,1,"No"
1,"3rd","female",21,0,0,7.65,"S",0,7.65,0.258607690374466,0.116554733493412,-0.609753883135628,-0.800562149507027,0,0,0,1,"Yes"
1,"3rd","male",25,0,0,7.775,"S",0,7.775,0.308871575772807,0.118459222602781,-0.309102011431534,-0.794459117990046,1,0,0,1,"Yes"
0,"3rd","male",38,0,0,7.8958,"S",0,7.8958,0.472229203317416,0.120299720878076,0.66801657160677,-0.788561148332036,1,0,0,1,"No"
1,"3rd","female",21.5,1,0,24.15,"Q",0,24.15,0.264890676049259,0.367947295930183,-0.572172399172616,0.00503801073444814,0,0,1,0,"Yes"
0,"1st","male",47,0,0,52,"S",1,52,0.585322945463684,0.792267469497702,1.34448328294098,1.36479343271779,1,0,0,1,"No"
0,"3rd","female",14.5,1,0,14.4542,"C",0,14.4542,0.176928876602161,0.220222931877186,-1.09831317465478,-0.468352173124297,0,1,0,0,"No"
0,"3rd","male",22,0,0,8.05,"S",0,8.05,0.271173661724051,0.122649098643394,-0.534590915209605,-0.781032448652689,1,0,0,1,"No"
0,"3rd","female",20,1,0,9.825,"S",0,9.825,0.246041719024881,0.149692843996441,-0.684916851061652,-0.69436940111156,0,0,0,1,"No"
0,"3rd","female",17,0,0,14.4583,"C",0,14.4583,0.208343804976125,0.220285399119974,-0.910405754839722,-0.46815199369054,0,1,0,0,"No"
0,"3rd","male",21,0,0,7.925,"S",0,7.925,0.258607690374466,0.120744609534025,-0.609753883135628,-0.787135480169669,1,0,0,1,"No"
0,"3rd","male",70.5,0,0,7.75,"Q",0,7.75,0.880623272178939,0.118078324780908,3.11081302920253,-0.795679724293443,1,0,1,0,"No"
0,"2nd","male",29,1,0,21,"S",0,21,0.359135461171149,0.319954170374072,-0.00845013972744087,-0.14875838349347,1,0,0,1,"No"
0,"1st","male",24,0,1,247.5208,"C",1,65.6344,0.296305604423222,1,-0.384264979357558,2.03048281603878,1,1,0,0,"No"
0,"3rd","female",2,4,2,31.275,"S",0,31.275,0.0198542347323448,0.476503175164243,-2.03785027373007,0.352910807202358,0,0,0,1,"No"
0,"2nd","male",21,2,0,73.5,"S",0,65.6344,0.258607690374466,1,-0.609753883135628,2.03048281603878,1,0,0,1,"No"
0,"3rd","male",25,0,0,8.05,"S",0,8.05,0.308871575772807,0.122649098643394,-0.309102011431534,-0.781032448652689,1,0,0,1,"No"
0,"2nd","male",32.5,1,0,30.0708,"C",0,30.0708,0.403116360894697,0.458156088880221,0.254620248013641,0.294116642780371,1,1,0,0,"No"
1,"2nd","female",32.5,0,0,13,"S",1,13,0.403116360894697,0.198066867374426,0.254620248013641,-0.539352400580246,0,0,0,1,"Yes"
0,"1st","male",54,0,1,77.2875,"S",1,65.6344,0.673284744910782,1,1.87062405842314,2.03048281603878,1,0,0,1,"No"
1,"3rd","male",12,1,0,11.2417,"C",0,11.2417,0.145513948228198,0.171277561766391,-1.28622059446984,-0.625200083110706,1,1,0,0,"Yes"
0,"3rd","male",25,0,0,7.75,"Q",0,7.75,0.308871575772807,0.118078324780908,-0.309102011431534,-0.795679724293443,1,0,1,0,"No"
1,"3rd","male",24,0,0,7.1417,"S",0,7.1417,0.296305604423222,0.108810318979072,-0.384264979357558,-0.825379516867678,1,0,0,1,"Yes"
1,"3rd","female",21.5,1,1,22.3583,"C",1,22.3583,0.264890676049259,0.340649110832125,-0.572172399172616,-0.0824404018173489,0,1,0,0,"Yes"
0,"3rd","male",45,0,0,6.975,"S",0,6.975,0.560191002764514,0.106270492302817,1.19415734708893,-0.833518519698724,1,0,0,1,"No"
0,"3rd","male",33,0,0,7.8958,"C",0,7.8958,0.40939934656949,0.120299720878076,0.292201731976653,-0.788561148332036,1,1,0,0,"No"
0,"3rd","male",20,0,0,7.05,"S",0,7.05,0.246041719024881,0.107413185768439,-0.684916851061652,-0.829856700788536,1,0,0,1,"No"
0,"3rd","female",47,1,0,14.5,"S",0,14.5,0.585322945463684,0.220920736686859,1.34448328294098,-0.466116022376475,0,0,0,1,"No"
1,"2nd","female",29,1,0,26,"S",0,26,0.359135461171149,0.396133734748851,-0.00845013972744087,0.0953628771857652,0,0,0,1,"Yes"
0,"2nd","male",25,0,0,13,"S",0,13,0.308871575772807,0.198066867374426,-0.309102011431534,-0.539352400580246,1,0,0,1,"No"
0,"2nd","male",23,0,0,15.0458,"C",0,15.0458,0.283739633073637,0.22923649793401,-0.459427947283581,-0.43946774556073,1,1,0,0,"No"
1,"1st","female",19,0,2,26.2833,"S",1,26.2833,0.233475747675295,0.400450068866326,-0.760079818987675,0.109194787815851,0,0,0,1,"Yes"
0,"1st","male",37,1,0,53.1,"S",1,53.1,0.459663231967831,0.809026973660154,0.592853603680746,1.41850011006722,1,0,0,1,"No"
0,"3rd","male",16,0,0,9.2167,"S",0,9.2167,0.195777833626539,0.140424838194605,-0.985568722765745,-0.724069193685796,1,0,0,1,"No"
0,"1st","male",24,0,0,79.2,"C",1,65.6344,0.296305604423222,1,-0.384264979357558,2.03048281603878,1,1,0,0,"No"
0,"3rd","female",21.5,0,2,15.2458,"C",0,15.2458,0.264890676049259,0.232283680509001,-0.572172399172616,-0.429702895133561,0,1,0,0,"No"
1,"3rd","female",22,0,0,7.75,"S",0,7.75,0.271173661724051,0.118078324780908,-0.534590915209605,-0.795679724293443,0,0,0,1,"Yes"
1,"3rd","female",24,1,0,15.85,"S",0,15.85,0.296305604423222,0.24148921906805,-0.384264979357558,-0.400203281993082,0,0,0,1,"Yes"
0,"3rd","male",19,0,0,6.75,"Q",0,6.75,0.233475747675295,0.102842411905952,-0.760079818987675,-0.84450397642929,1,0,1,0,"No"
0,"2nd","male",18,0,0,11.5,"S",0,11.5,0.22090977632571,0.175212998061992,-0.835242786913698,-0.612588778784016,1,0,0,1,"No"
0,"2nd","male",19,1,1,36.75,"S",0,36.75,0.233475747675295,0.559919798154626,-0.760079818987675,0.620223587646121,1,0,0,1,"No"
1,"3rd","male",27,0,0,7.7958,"S",0,7.7958,0.334003518471978,0.118776129590581,-0.158776075579488,-0.793443573545621,1,0,0,1,"Yes"
0,"3rd","female",9,2,2,34.375,"S",0,34.375,0.107816034179442,0.523734505076606,-1.51170949824791,0.504265988823484,0,0,0,1,"No"
0,"2nd","male",36.5,0,2,26,"S",1,26,0.453380246293038,0.396133734748851,0.555272119717735,0.0953628771857652,1,0,0,1,"No"
0,"2nd","male",42,0,0,13,"S",0,13,0.522493088715758,0.198066867374426,0.968668443310863,-0.539352400580246,1,0,0,1,"No"
0,"2nd","male",51,0,0,12.525,"S",0,12.525,0.635586830862026,0.190829808758822,1.64513515464507,-0.562543920344773,1,0,0,1,"No"
1,"1st","female",22,1,0,66.6,"S",1,65.6344,0.271173661724051,1,-0.534590915209605,2.03048281603878,0,0,0,1,"Yes"
0,"3rd","male",55.5,0,0,8.05,"S",0,8.05,0.69213370193516,0.122649098643394,1.98336851031218,-0.781032448652689,1,0,0,1,"No"
0,"3rd","male",40.5,0,2,14.5,"S",0,14.5,0.50364413169138,0.220920736686859,0.855923991421828,-0.466116022376475,1,0,0,1,"No"
0,"3rd","male",25,0,0,7.3125,"S",0,7.3125,0.308871575772807,0.111412612898114,-0.309102011431534,-0.817040334602876,1,0,0,1,"No"
0,"1st","male",51,0,1,61.3792,"C",0,61.3792,0.635586830862026,0.935168143534488,1.64513515464507,1.82272585835032,1,1,0,0,"No"
1,"3rd","female",16,0,0,7.7333,"Q",0,7.7333,0.195777833626539,0.117823885035896,-0.985568722765745,-0.796495089304111,0,0,1,0,"Yes"
0,"3rd","male",30,0,0,8.05,"S",0,8.05,0.371701432520734,0.122649098643394,0.0667128281985825,-0.781032448652689,1,0,0,1,"No"
0,"3rd","male",25,0,0,8.6625,"S",0,8.6625,0.308871575772807,0.131981095279305,-0.309102011431534,-0.751127594219482,1,0,0,1,"No"
0,"3rd","male",25,8,2,69.55,"S",0,65.6344,0.308871575772807,1,-0.309102011431534,2.03048281603878,1,0,0,1,"No"
0,"3rd","male",44,0,1,16.1,"S",0,16.1,0.547625031414928,0.245298197286789,1.11899437916291,-0.38799721895912,1,0,0,1,"No"
1,"2nd","female",40,0,0,15.75,"S",0,15.75,0.497361146016587,0.239965627780554,0.818342507458817,-0.405085707206667,0,0,0,1,"Yes"
0,"3rd","male",26,0,0,7.775,"S",0,7.775,0.321437547122393,0.118459222602781,-0.233939043505511,-0.794459117990046,1,0,0,1,"No"
0,"3rd","male",17,0,0,8.6625,"S",0,8.6625,0.208343804976125,0.131981095279305,-0.910405754839722,-0.751127594219482,1,0,0,1,"No"
0,"3rd","male",1,4,1,39.6875,"S",0,39.6875,0.00728826338275949,0.604675292224809,-2.1130132416561,0.763644828295171,1,0,0,1,"No"
1,"3rd","male",9,0,2,20.525,"S",0,20.525,0.107816034179442,0.312717111758468,-1.51170949824791,-0.171949903257997,1,0,0,1,"Yes"
1,"1st","female",35,0,1,55,"S",1,55,0.43453128926866,0.83797520812257,0.4425276678287,1.51126618912533,0,0,0,1,"Yes"
0,"3rd","female",45,1,4,27.9,"S",0,27.9,0.560191002764514,0.425081969211267,1.19415734708893,0.188128956243874,0,0,0,1,"No"
0,"1st","male",40,0,0,25.925,"S",0,25.925,0.497361146016587,0.39499104128323,0.818342507458817,0.0917010582755767,1,0,0,1,"No"
0,"3rd","male",28,0,0,56.4958,"S",0,56.4958,0.346569489821563,0.860765086600929,-0.0836131076534643,1.58429750547013,1,0,0,1,"No"
0,"1st","male",61,0,0,33.5,"S",1,33.5,0.761246544357879,0.51040308131102,2.39676483390531,0.461544768204618,1,0,0,1,"No"
0,"3rd","male",4,4,1,29.125,"Q",0,29.125,0.0449861774315155,0.443745962483088,-1.88752433787803,0.247938665110287,1,0,1,0,"No"
1,"3rd","female",1,1,1,11.1333,"S",0,11.1333,0.00728826338275949,0.169625988810746,-2.1130132416561,-0.630492632042231,0,0,0,1,"Yes"
0,"3rd","male",21,0,0,7.925,"S",0,7.925,0.258607690374466,0.120744609534025,-0.609753883135628,-0.787135480169669,1,0,0,1,"No"
0,"1st","male",56,0,0,30.6958,"C",1,30.6958,0.698416687609952,0.467678534427069,2.02094999427519,0.324631800365275,1,1,0,0,"No"
0,"3rd","male",18,1,1,7.8542,"S",0,7.8542,0.22090977632571,0.119665906902478,-0.835242786913698,-0.790592237220887,1,0,0,1,"No"
0,"3rd","male",25,3,1,25.4667,"S",0,25.4667,0.308871575772807,0.388008422412637,-0.309102011431534,0.0693249035217179,1,0,0,1,"No"
0,"1st","female",50,0,0,28.7125,"C",1,28.7125,0.62302085951244,0.437461148422169,1.56997218671905,0.22779866110425,0,1,0,0,"No"
0,"2nd","male",30,0,0,13,"S",0,13,0.371701432520734,0.198066867374426,0.0667128281985825,-0.539352400580246,1,0,0,1,"No"
0,"3rd","male",36,0,0,0,"S",0,0,0.447097260618246,0,0.517690635754723,-1.17406767834626,1,0,0,1,"No"
0,"3rd","female",21.5,8,2,69.55,"S",0,65.6344,0.264890676049259,1,-0.572172399172616,2.03048281603878,0,0,0,1,"No"
0,"2nd","male",30,0,0,15.05,"C",0,15.05,0.371701432520734,0.229300488768085,0.0667128281985825,-0.43926268370176,1,1,0,0,"No"
0,"3rd","male",9,4,2,31.3875,"S",0,31.3875,0.107816034179442,0.478217215362676,-1.51170949824791,0.358403535567641,1,0,0,1,"No"
1,"2nd","male",1,2,1,39,"S",1,39,0.00728826338275949,0.594200602123277,-2.1130132416561,0.730078154951776,1,0,0,1,"Yes"
1,"3rd","female",4,0,2,22.025,"S",0,22.025,0.0449861774315155,0.335570981070902,-1.88752433787803,-0.0987135250542267,0,0,0,1,"Yes"
0,"1st","male",40,0,0,50,"S",1,50,0.497361146016587,0.761795643747791,0.818342507458817,1.26714492844609,1,0,0,1,"No"
1,"3rd","female",21.5,1,0,15.5,"Q",0,15.5,0.264890676049259,0.236156649561815,-0.572172399172616,-0.417291770240628,0,0,1,0,"Yes"
1,"1st","male",45,0,0,26.55,"S",0,26.55,0.560191002764514,0.404513486830077,1.19415734708893,0.122216215860481,1,0,0,1,"Yes"
0,"3rd","male",40,1,1,15.5,"Q",0,15.5,0.497361146016587,0.236156649561815,0.818342507458817,-0.417291770240628,1,0,1,0,"No"
0,"3rd","male",36,0,0,7.8958,"S",0,7.8958,0.447097260618246,0.120299720878076,0.517690635754723,-0.788561148332036,1,0,0,1,"No"
1,"2nd","female",32,0,0,13,"S",0,13,0.396833375219904,0.198066867374426,0.217038764050629,-0.539352400580246,0,0,0,1,"Yes"
0,"2nd","male",19,0,0,13,"S",0,13,0.233475747675295,0.198066867374426,-0.760079818987675,-0.539352400580246,1,0,0,1,"No"
1,"3rd","female",19,1,0,7.8542,"S",0,7.8542,0.233475747675295,0.119665906902478,-0.760079818987675,-0.790592237220887,0,0,0,1,"Yes"
1,"2nd","male",3,1,1,26,"S",1,26,0.0324202060819301,0.396133734748851,-1.96268730580405,0.0953628771857652,1,0,0,1,"Yes"
1,"1st","female",44,0,0,27.7208,"C",1,27.7208,0.547625031414928,0.422351693624075,1.11899437916291,0.179379650261131,0,1,0,0,"Yes"
1,"1st","female",58,0,0,146.5208,"C",1,65.6344,0.723548630309123,1,2.17127593012724,2.03048281603878,0,1,0,0,"Yes"
0,"3rd","male",25,0,0,7.75,"Q",0,7.75,0.308871575772807,0.118078324780908,-0.309102011431534,-0.795679724293443,1,0,1,0,"No"
0,"3rd","male",42,0,1,8.4042,"S",0,8.4042,0.522493088715758,0.128045658983704,0.968668443310863,-0.763738898546172,1,0,0,1,"No"
1,"3rd","female",21.5,0,0,7.75,"Q",0,7.75,0.264890676049259,0.118078324780908,-0.572172399172616,-0.795679724293443,0,0,1,0,"Yes"
0,"2nd","female",24,0,0,13,"S",0,13,0.296305604423222,0.198066867374426,-0.384264979357558,-0.539352400580246,0,0,0,1,"No"
0,"3rd","male",28,0,0,9.5,"S",0,9.5,0.346569489821563,0.14474117231208,-0.0836131076534643,-0.71023728305571,1,0,0,1,"No"
0,"3rd","male",25,8,2,69.55,"S",0,65.6344,0.308871575772807,1,-0.309102011431534,2.03048281603878,1,0,0,1,"No"
0,"3rd","male",34,0,0,6.4958,"S",0,6.4958,0.421965317919075,0.098969442853138,0.367364699902676,-0.856915101322222,1,0,0,1,"No"
0,"3rd","male",45.5,0,0,7.225,"C",0,7.225,0.566473988439306,0.110079470521556,1.23173883105195,-0.821312456664762,1,1,0,0,"No"
1,"3rd","male",18,0,0,8.05,"S",0,8.05,0.22090977632571,0.122649098643394,-0.835242786913698,-0.781032448652689,1,0,0,1,"Yes"
0,"3rd","female",2,0,1,10.4625,"S",1,10.4625,0.0198542347323448,0.159405738454225,-2.03785027373007,-0.663243940374958,0,0,0,1,"No"
0,"3rd","male",32,1,0,15.85,"S",0,15.85,0.396833375219904,0.24148921906805,0.217038764050629,-0.400203281993082,1,0,0,1,"No"
1,"3rd","male",26,0,0,18.7875,"C",0,18.7875,0.321437547122393,0.286244713138232,-0.233939043505511,-0.256782041344031,1,1,0,0,"Yes"
1,"3rd","female",16,0,0,7.75,"Q",0,7.75,0.195777833626539,0.118078324780908,-0.985568722765745,-0.795679724293443,0,0,1,0,"Yes"
1,"1st","male",40,0,0,31,"C",1,31,0.497361146016587,0.47231329912363,0.818342507458817,0.339484137865,1,1,0,0,"Yes"
0,"3rd","male",24,0,0,7.05,"S",0,7.05,0.296305604423222,0.107413185768439,-0.384264979357558,-0.829856700788536,1,0,0,1,"No"
1,"2nd","female",35,0,0,21,"S",0,21,0.43453128926866,0.319954170374072,0.4425276678287,-0.14875838349347,0,0,0,1,"Yes"
0,"3rd","male",22,0,0,7.25,"S",0,7.25,0.271173661724051,0.11046036834343,-0.534590915209605,-0.820091850361366,1,0,0,1,"No"
0,"2nd","male",30,0,0,13,"S",0,13,0.371701432520734,0.198066867374426,0.0667128281985825,-0.539352400580246,1,0,0,1,"No"
0,"3rd","male",25,1,0,7.75,"Q",0,7.75,0.308871575772807,0.118078324780908,-0.309102011431534,-0.795679724293443,1,0,1,0,"No"
1,"1st","female",31,1,0,113.275,"C",1,65.6344,0.384267403870319,1,0.141875796124606,2.03048281603878,0,1,0,0,"Yes"
1,"3rd","female",27,0,0,7.925,"S",0,7.925,0.334003518471978,0.120744609534025,-0.158776075579488,-0.787135480169669,0,0,0,1,"Yes"
0,"2nd","male",42,1,0,27,"S",0,27,0.522493088715758,0.411369647623807,0.968668443310863,0.144187129321612,1,0,0,1,"No"
1,"1st","female",32,0,0,76.2917,"C",1,65.6344,0.396833375219904,1,0.217038764050629,2.03048281603878,0,1,0,0,"Yes"
0,"2nd","male",30,0,0,10.5,"S",0,10.5,0.371701432520734,0.159977085187036,0.0667128281985825,-0.661413030919863,1,0,0,1,"No"
1,"3rd","male",16,0,0,8.05,"S",0,8.05,0.195777833626539,0.122649098643394,-0.985568722765745,-0.781032448652689,1,0,0,1,"Yes"
0,"2nd","male",27,0,0,13,"S",0,13,0.334003518471978,0.198066867374426,-0.158776075579488,-0.539352400580246,1,0,0,1,"No"
0,"3rd","male",51,0,0,8.05,"S",0,8.05,0.635586830862026,0.122649098643394,1.64513515464507,-0.781032448652689,1,0,0,1,"No"
0,"3rd","male",25,0,0,7.8958,"S",0,7.8958,0.308871575772807,0.120299720878076,-0.309102011431534,-0.788561148332036,1,0,0,1,"No"
1,"1st","male",38,1,0,90,"S",1,65.6344,0.472229203317416,1,0.66801657160677,2.03048281603878,1,0,0,1,"Yes"
0,"3rd","male",22,0,0,9.35,"S",0,9.35,0.271173661724051,0.142455785380837,-0.534590915209605,-0.717560920876087,1,0,0,1,"No"
1,"2nd","male",19,0,0,10.5,"S",0,10.5,0.233475747675295,0.159977085187036,-0.760079818987675,-0.661413030919863,1,0,0,1,"Yes"
0,"3rd","male",20.5,0,0,7.25,"S",0,7.25,0.252324704699673,0.11046036834343,-0.64733536709864,-0.820091850361366,1,0,0,1,"No"
0,"2nd","male",18,0,0,13,"S",0,13,0.22090977632571,0.198066867374426,-0.835242786913698,-0.539352400580246,1,0,0,1,"No"
0,"3rd","female",21.5,3,1,25.4667,"S",0,25.4667,0.264890676049259,0.388008422412637,-0.572172399172616,0.0693249035217179,0,0,0,1,"No"
1,"1st","female",35,1,0,83.475,"S",1,65.6344,0.43453128926866,1,0.4425276678287,2.03048281603878,0,0,0,1,"Yes"
0,"3rd","male",29,0,0,7.775,"S",0,7.775,0.359135461171149,0.118459222602781,-0.00845013972744087,-0.794459117990046,1,0,0,1,"No"
0,"2nd","male",59,0,0,13.5,"S",0,13.5,0.736114601658708,0.205684823811904,2.24643889805326,-0.514940274512322,1,0,0,1,"No"
1,"3rd","female",5,4,2,31.3875,"S",0,31.3875,0.0575521487811008,0.478217215362676,-1.812361369952,0.358403535567641,0,0,0,1,"Yes"
0,"2nd","male",24,0,0,10.5,"S",0,10.5,0.296305604423222,0.159977085187036,-0.384264979357558,-0.661413030919863,1,0,0,1,"No"
0,"3rd","female",21.5,0,0,7.55,"S",0,7.55,0.264890676049259,0.115031142205916,-0.572172399172616,-0.805444574720612,0,0,0,1,"No"
0,"2nd","male",44,1,0,26,"S",0,26,0.547625031414928,0.396133734748851,1.11899437916291,0.0953628771857652,1,0,0,1,"No"
1,"2nd","female",8,0,2,26.25,"S",0,26.25,0.0952500628298567,0.39994271296759,-1.58687246617393,0.107568940219727,0,0,0,1,"Yes"
0,"2nd","male",19,0,0,10.5,"S",0,10.5,0.233475747675295,0.159977085187036,-0.760079818987675,-0.661413030919863,1,0,0,1,"No"
0,"2nd","male",33,0,0,12.275,"S",0,12.275,0.40939934656949,0.187020830540083,0.292201731976653,-0.574749983378735,1,0,0,1,"No"
0,"3rd","female",21.5,1,0,14.4542,"C",0,14.4542,0.264890676049259,0.220222931877186,-0.572172399172616,-0.468352173124297,0,1,0,0,"No"
1,"3rd","female",21.5,1,0,15.5,"Q",0,15.5,0.264890676049259,0.236156649561815,-0.572172399172616,-0.417291770240628,0,0,1,0,"Yes"
0,"2nd","male",29,0,0,10.5,"S",0,10.5,0.359135461171149,0.159977085187036,-0.00845013972744087,-0.661413030919863,1,0,0,1,"No"
0,"3rd","male",22,0,0,7.125,"S",0,7.125,0.271173661724051,0.10855587923406,-0.534590915209605,-0.826194881878347,1,0,0,1,"No"
0,"3rd","male",30,0,0,7.225,"C",0,7.225,0.371701432520734,0.110079470521556,0.0667128281985825,-0.821312456664762,1,1,0,0,"No"
0,"1st","male",44,2,0,90,"Q",1,65.6344,0.547625031414928,1,1.11899437916291,2.03048281603878,1,0,1,0,"No"
0,"3rd","female",25,0,0,7.775,"S",0,7.775,0.308871575772807,0.118459222602781,-0.309102011431534,-0.794459117990046,0,0,0,1,"No"
1,"2nd","female",24,0,2,14.5,"S",0,14.5,0.296305604423222,0.220920736686859,-0.384264979357558,-0.466116022376475,0,0,0,1,"Yes"
1,"1st","male",37,1,1,52.5542,"S",1,52.5542,0.459663231967831,0.800711212413003,0.592853603680746,1.39185183325147,1,0,0,1,"Yes"
0,"2nd","male",54,1,0,26,"S",0,26,0.673284744910782,0.396133734748851,1.87062405842314,0.0953628771857652,1,0,0,1,"No"
0,"3rd","male",25,0,0,7.25,"S",0,7.25,0.308871575772807,0.11046036834343,-0.309102011431534,-0.820091850361366,1,0,0,1,"No"
0,"3rd","female",29,1,1,10.4625,"S",1,10.4625,0.359135461171149,0.159405738454225,-0.00845013972744087,-0.663243940374958,0,0,0,1,"No"
0,"1st","male",62,0,0,26.55,"S",1,26.55,0.773812515707464,0.404513486830077,2.47192780183133,0.122216215860481,1,0,0,1,"No"
0,"3rd","male",30,1,0,16.1,"S",0,16.1,0.371701432520734,0.245298197286789,0.0667128281985825,-0.38799721895912,1,0,0,1,"No"
0,"3rd","female",41,0,2,20.2125,"S",0,20.2125,0.509927117366172,0.307955888985044,0.89350547538484,-0.187207482050449,0,0,0,1,"No"
1,"3rd","female",29,0,2,15.2458,"C",0,15.2458,0.359135461171149,0.232283680509001,-0.00845013972744087,-0.429702895133561,0,1,0,0,"Yes"
1,"1st","female",35,0,0,79.2,"C",0,65.6344,0.43453128926866,1,0.4425276678287,2.03048281603878,0,1,0,0,"Yes"
1,"1st","female",30,0,0,86.5,"S",1,65.6344,0.371701432520734,1,0.0667128281985825,2.03048281603878,0,0,0,1,"Yes"
1,"1st","female",35,0,0,512.3292,"C",0,65.6344,0.43453128926866,1,0.4425276678287,2.03048281603878,0,1,0,0,"Yes"
1,"2nd","female",50,0,1,26,"S",0,26,0.62302085951244,0.396133734748851,1.56997218671905,0.0953628771857652,0,0,0,1,"Yes"
0,"3rd","male",25,0,0,7.75,"Q",0,7.75,0.308871575772807,0.118078324780908,-0.309102011431534,-0.795679724293443,1,0,1,0,"No"
1,"3rd","male",3,4,2,31.3875,"S",0,31.3875,0.0324202060819301,0.478217215362676,-1.96268730580405,0.358403535567641,1,0,0,1,"Yes"
0,"1st","male",52,1,1,79.65,"S",1,65.6344,0.648152802211611,1,1.7202981225711,2.03048281603878,1,0,0,1,"No"
0,"1st","male",40,0,0,0,"S",1,0,0.497361146016587,0,0.818342507458817,-1.17406767834626,1,0,0,1,"No"
0,"3rd","female",21.5,0,0,7.75,"Q",0,7.75,0.264890676049259,0.118078324780908,-0.572172399172616,-0.795679724293443,0,0,1,0,"No"
0,"2nd","male",36,0,0,10.5,"S",0,10.5,0.447097260618246,0.159977085187036,0.517690635754723,-0.661413030919863,1,0,0,1,"No"
0,"3rd","male",16,4,1,39.6875,"S",0,39.6875,0.195777833626539,0.604675292224809,-0.985568722765745,0.763644828295171,1,0,0,1,"No"
1,"3rd","male",25,1,0,7.775,"S",0,7.775,0.308871575772807,0.118459222602781,-0.309102011431534,-0.794459117990046,1,0,0,1,"Yes"
1,"1st","female",58,0,1,153.4625,"S",1,65.6344,0.723548630309123,1,2.17127593012724,2.03048281603878,0,0,0,1,"Yes"
1,"1st","female",35,0,0,135.6333,"S",1,65.6344,0.43453128926866,1,0.4425276678287,2.03048281603878,0,0,0,1,"Yes"
0,"1st","male",40,0,0,31,"S",0,31,0.497361146016587,0.47231329912363,0.818342507458817,0.339484137865,1,0,0,1,"No"
1,"3rd","male",25,0,0,0,"S",0,0,0.308871575772807,0,-0.309102011431534,-1.17406767834626,1,0,0,1,"Yes"
1,"2nd","female",41,0,1,19.5,"S",0,19.5,0.509927117366172,0.297100301061638,0.89350547538484,-0.22199476169724,0,0,0,1,"Yes"
0,"1st","male",37,0,1,29.7,"C",1,29.7,0.459663231967831,0.452506612386188,0.592853603680746,0.276012610088399,1,1,0,0,"No"
1,"3rd","female",21.5,0,0,7.75,"Q",0,7.75,0.264890676049259,0.118078324780908,-0.572172399172616,-0.795679724293443,0,0,1,0,"Yes"
1,"1st","female",63,1,0,77.9583,"S",1,65.6344,0.786378487057049,1,2.54709076975736,2.03048281603878,0,0,0,1,"Yes"
0,"3rd","female",45,0,0,7.75,"S",0,7.75,0.560191002764514,0.118078324780908,1.19415734708893,-0.795679724293443,0,0,0,1,"No"
0,"2nd","male",30,0,0,0,"S",0,0,0.371701432520734,0,0.0667128281985825,-1.17406767834626,1,0,0,1,"No"
0,"3rd","male",7,4,1,29.125,"Q",0,29.125,0.0826840914802714,0.443745962483088,-1.66203543409996,0.247938665110287,1,0,1,0,"No"
1,"3rd","female",35,1,1,20.25,"S",0,20.25,0.43453128926866,0.308527235717855,0.4425276678287,-0.185376572595355,0,0,0,1,"Yes"
0,"3rd","male",65,0,0,7.75,"Q",0,7.75,0.81151042975622,0.118078324780908,2.6974167056094,-0.795679724293443,1,0,1,0,"No"
0,"3rd","male",28,0,0,7.8542,"S",0,7.8542,0.346569489821563,0.119665906902478,-0.0836131076534643,-0.790592237220887,1,0,0,1,"No"
0,"3rd","male",16,0,0,9.5,"S",0,9.5,0.195777833626539,0.14474117231208,-0.985568722765745,-0.71023728305571,1,0,0,1,"No"
1,"3rd","male",19,0,0,8.05,"S",0,8.05,0.233475747675295,0.122649098643394,-0.760079818987675,-0.781032448652689,1,0,0,1,"Yes"
0,"1st","male",40,0,0,26,"S",1,26,0.497361146016587,0.396133734748851,0.818342507458817,0.0953628771857652,1,0,0,1,"No"
0,"3rd","male",33,0,0,8.6625,"C",0,8.6625,0.40939934656949,0.131981095279305,0.292201731976653,-0.751127594219482,1,1,0,0,"No"
1,"3rd","male",30,0,0,9.5,"S",0,9.5,0.371701432520734,0.14474117231208,0.0667128281985825,-0.71023728305571,1,0,0,1,"Yes"
0,"3rd","male",22,0,0,7.8958,"S",0,7.8958,0.271173661724051,0.120299720878076,-0.534590915209605,-0.788561148332036,1,0,0,1,"No"
1,"2nd","male",42,0,0,13,"S",0,13,0.522493088715758,0.198066867374426,0.968668443310863,-0.539352400580246,1,0,0,1,"Yes"
1,"3rd","female",22,0,0,7.75,"Q",0,7.75,0.271173661724051,0.118078324780908,-0.534590915209605,-0.795679724293443,0,0,1,0,"Yes"
1,"1st","female",26,0,0,78.85,"S",0,65.6344,0.321437547122393,1,-0.233939043505511,2.03048281603878,0,0,0,1,"Yes"
1,"1st","female",19,1,0,91.0792,"C",1,65.6344,0.233475747675295,1,-0.760079818987675,2.03048281603878,0,1,0,0,"Yes"
0,"2nd","male",36,0,0,12.875,"C",1,12.875,0.447097260618246,0.196162378265056,0.517690635754723,-0.545455432097227,1,1,0,0,"No"
0,"3rd","female",24,0,0,8.85,"S",0,8.85,0.296305604423222,0.134837828943359,-0.384264979357558,-0.741973046944011,0,0,0,1,"No"
0,"3rd","male",24,0,0,7.8958,"S",0,7.8958,0.296305604423222,0.120299720878076,-0.384264979357558,-0.788561148332036,1,0,0,1,"No"
0,"1st","male",40,0,0,27.7208,"C",0,27.7208,0.497361146016587,0.422351693624075,0.818342507458817,0.179379650261131,1,1,0,0,"No"
0,"3rd","male",23.5,0,0,7.2292,"C",0,7.2292,0.290022618748429,0.110143461355631,-0.42184646332057,-0.821107394805792,1,1,0,0,"No"
0,"1st","female",2,1,2,151.55,"S",1,65.6344,0.0198542347323448,1,-2.03785027373007,2.03048281603878,0,0,0,1,"No"
1,"1st","male",40,0,0,30.5,"S",1,30.5,0.497361146016587,0.464695342686152,0.818342507458817,0.315072011797077,1,0,0,1,"Yes"
1,"1st","female",50,0,1,247.5208,"C",1,65.6344,0.62302085951244,1,1.56997218671905,2.03048281603878,0,1,0,0,"Yes"
1,"3rd","female",21.5,0,0,7.75,"Q",0,7.75,0.264890676049259,0.118078324780908,-0.572172399172616,-0.795679724293443,0,0,1,0,"Yes"
1,"3rd","male",25,2,0,23.25,"Q",0,23.25,0.308871575772807,0.354234974342723,-0.309102011431534,-0.0389038161878141,1,0,1,0,"Yes"
0,"3rd","male",19,0,0,0,"S",0,0,0.233475747675295,0,-0.760079818987675,-1.17406767834626,1,0,0,1,"No"
1,"2nd","female",28,0,0,12.35,"Q",1,12.35,0.346569489821563,0.188163524005704,-0.0836131076534643,-0.571088164468546,0,0,1,0,"Yes"
0,"3rd","male",25,0,0,8.05,"S",0,8.05,0.308871575772807,0.122649098643394,-0.309102011431534,-0.781032448652689,1,0,0,1,"No"
1,"1st","male",0.92,1,2,151.55,"S",1,65.6344,0.00628298567479266,1,-2.11902627909018,2.03048281603878,1,0,0,1,"Yes"
1,"1st","female",35,0,0,110.8833,"C",0,65.6344,0.43453128926866,1,0.4425276678287,2.03048281603878,0,1,0,0,"Yes"
1,"1st","female",17,1,0,108.9,"C",1,65.6344,0.208343804976125,1,-0.910405754839722,2.03048281603878,0,1,0,0,"Yes"
0,"2nd","male",30,1,0,24,"C",0,24,0.371701432520734,0.36566190899894,0.0667128281985825,-0.00228562708592884,1,1,0,0,"No"
1,"1st","female",30,0,0,56.9292,"C",1,56.9292,0.371701432520734,0.867368331240935,0.0667128281985825,1.6054579363458,0,1,0,0,"Yes"
1,"1st","female",24,0,0,83.1583,"C",1,65.6344,0.296305604423222,1,-0.384264979357558,2.03048281603878,0,1,0,0,"Yes"
1,"1st","female",18,2,2,262.375,"C",1,65.6344,0.22090977632571,1,-0.835242786913698,2.03048281603878,0,1,0,0,"Yes"
0,"2nd","female",26,1,1,26,"S",0,26,0.321437547122393,0.396133734748851,-0.233939043505511,0.0953628771857652,0,0,0,1,"No"
0,"3rd","male",28,0,0,7.8958,"S",0,7.8958,0.346569489821563,0.120299720878076,-0.0836131076534643,-0.788561148332036,1,0,0,1,"No"
0,"2nd","male",43,1,1,26.25,"S",0,26.25,0.535059060065343,0.39994271296759,1.04383141123689,0.107568940219727,1,0,0,1,"No"
1,"3rd","female",26,0,0,7.8542,"S",0,7.8542,0.321437547122393,0.119665906902478,-0.233939043505511,-0.790592237220887,0,0,0,1,"Yes"
1,"2nd","female",24,1,0,26,"S",0,26,0.296305604423222,0.396133734748851,-0.384264979357558,0.0953628771857652,0,0,0,1,"Yes"
0,"2nd","male",54,0,0,14,"S",0,14,0.673284744910782,0.213302780249381,1.87062405842314,-0.490528148444399,1,0,0,1,"No"
1,"1st","female",31,0,2,164.8667,"S",1,65.6344,0.384267403870319,1,0.141875796124606,2.03048281603878,0,0,0,1,"Yes"
1,"1st","female",40,1,1,134.5,"C",1,65.6344,0.497361146016587,1,0.818342507458817,2.03048281603878,0,1,0,0,"Yes"
0,"3rd","male",22,0,0,7.25,"S",0,7.25,0.271173661724051,0.11046036834343,-0.534590915209605,-0.820091850361366,1,0,0,1,"No"
0,"3rd","male",27,0,0,7.8958,"S",0,7.8958,0.334003518471978,0.120299720878076,-0.158776075579488,-0.788561148332036,1,0,0,1,"No"
1,"2nd","female",30,0,0,12.35,"Q",0,12.35,0.371701432520734,0.188163524005704,0.0667128281985825,-0.571088164468546,0,0,1,0,"Yes"
1,"2nd","female",22,1,1,29,"S",0,29,0.271173661724051,0.441841473373719,-0.534590915209605,0.241835633593306,0,0,0,1,"Yes"
0,"3rd","male",25,8,2,69.55,"S",0,65.6344,0.308871575772807,1,-0.309102011431534,2.03048281603878,1,0,0,1,"No"
1,"1st","female",36,0,0,135.6333,"C",1,65.6344,0.447097260618246,1,0.517690635754723,2.03048281603878,0,1,0,0,"Yes"
0,"3rd","male",61,0,0,6.2375,"S",0,6.2375,0.761246544357879,0.0950340065575369,2.39676483390531,-0.869526405648911,1,0,0,1,"No"
1,"2nd","female",36,0,0,13,"S",1,13,0.447097260618246,0.198066867374426,0.517690635754723,-0.539352400580246,0,0,0,1,"Yes"
1,"3rd","female",31,1,1,20.525,"S",0,20.525,0.384267403870319,0.312717111758468,0.141875796124606,-0.171949903257997,0,0,0,1,"Yes"
1,"1st","female",16,0,1,57.9792,"C",1,57.9792,0.195777833626539,0.883366039759638,-0.985568722765745,1.65672340108844,0,1,0,0,"Yes"
1,"3rd","female",21.5,2,0,23.25,"Q",0,23.25,0.264890676049259,0.354234974342723,-0.572172399172616,-0.0389038161878141,0,0,1,0,"Yes"
0,"1st","male",45.5,0,0,28.5,"S",1,28.5,0.566473988439306,0.434223516936241,1.23173883105195,0.217423507525383,1,0,0,1,"No"
0,"1st","male",38,0,1,153.4625,"S",1,65.6344,0.472229203317416,1,0.66801657160677,2.03048281603878,1,0,0,1,"No"
0,"3rd","male",16,2,0,18,"S",0,18,0.195777833626539,0.274246431749205,-0.985568722765745,-0.295231139901011,1,0,0,1,"No"
1,"1st","female",35,1,0,133.65,"S",0,65.6344,0.43453128926866,1,0.4425276678287,2.03048281603878,0,0,0,1,"Yes"
0,"3rd","male",25,0,0,7.8958,"S",0,7.8958,0.308871575772807,0.120299720878076,-0.309102011431534,-0.788561148332036,1,0,0,1,"No"
0,"1st","male",29,1,0,66.6,"S",1,65.6344,0.359135461171149,1,-0.00845013972744087,2.03048281603878,1,0,0,1,"No"
1,"1st","female",41,0,0,134.5,"C",1,65.6344,0.509927117366172,1,0.89350547538484,2.03048281603878,0,1,0,0,"Yes"
1,"3rd","male",45,0,0,8.05,"S",0,8.05,0.560191002764514,0.122649098643394,1.19415734708893,-0.781032448652689,1,0,0,1,"Yes"
0,"1st","male",45,0,0,35.5,"S",1,35.5,0.560191002764514,0.540874907060931,1.19415734708893,0.559193272476312,1,0,0,1,"No"
1,"2nd","male",2,1,1,26,"S",1,26,0.0198542347323448,0.396133734748851,-2.03785027373007,0.0953628771857652,1,0,0,1,"Yes"
1,"1st","female",24,3,2,263,"S",1,65.6344,0.296305604423222,1,-0.384264979357558,2.03048281603878,0,0,0,1,"Yes"
0,"2nd","male",28,0,0,13,"S",0,13,0.346569489821563,0.198066867374426,-0.0836131076534643,-0.539352400580246,1,0,0,1,"No"
0,"2nd","male",25,0,0,13,"S",0,13,0.308871575772807,0.198066867374426,-0.309102011431534,-0.539352400580246,1,0,0,1,"No"
0,"2nd","male",36,0,0,13,"S",0,13,0.447097260618246,0.198066867374426,0.517690635754723,-0.539352400580246,1,0,0,1,"No"
1,"2nd","female",24,0,0,13,"S",1,13,0.296305604423222,0.198066867374426,-0.384264979357558,-0.539352400580246,0,0,0,1,"Yes"
1,"2nd","female",40,0,0,13,"S",0,13,0.497361146016587,0.198066867374426,0.818342507458817,-0.539352400580246,0,0,0,1,"Yes"
1,"3rd","female",21.5,1,0,16.1,"S",0,16.1,0.264890676049259,0.245298197286789,-0.572172399172616,-0.38799721895912,0,0,0,1,"Yes"
1,"3rd","male",3,1,1,15.9,"S",0,15.9,0.0324202060819301,0.242251014711797,-1.96268730580405,-0.39776206938629,1,0,0,1,"Yes"
0,"3rd","male",42,0,0,8.6625,"S",0,8.6625,0.522493088715758,0.131981095279305,0.968668443310863,-0.751127594219482,1,0,0,1,"No"
0,"3rd","male",23,0,0,9.225,"S",0,9.225,0.283739633073637,0.140551296271467,-0.459427947283581,-0.723663952393068,1,0,0,1,"No"
0,"1st","male",40,0,0,35,"S",1,35,0.497361146016587,0.533256950623454,0.818342507458817,0.534781146408388,1,0,0,1,"No"
0,"3rd","male",15,1,1,7.2292,"C",0,7.2292,0.183211862276954,0.110143461355631,-1.06073169069177,-0.821107394805792,1,1,0,0,"No"
0,"3rd","male",25,1,0,17.8,"S",0,17.8,0.308871575772807,0.271199249174214,-0.309102011431534,-0.30499599032818,1,0,0,1,"No"
0,"3rd","male",25,0,0,7.225,"C",0,7.225,0.308871575772807,0.110079470521556,-0.309102011431534,-0.821312456664762,1,1,0,0,"No"
0,"3rd","male",28,0,0,9.5,"S",0,9.5,0.346569489821563,0.14474117231208,-0.0836131076534643,-0.71023728305571,1,0,0,1,"No"
1,"1st","female",22,0,1,55,"S",1,55,0.271173661724051,0.83797520812257,-0.534590915209605,1.51126618912533,0,0,0,1,"Yes"
0,"2nd","female",38,0,0,13,"S",0,13,0.472229203317416,0.198066867374426,0.66801657160677,-0.539352400580246,0,0,0,1,"No"
1,"3rd","female",21.5,0,0,7.8792,"Q",0,7.8792,0.264890676049259,0.120046804724352,-0.572172399172616,-0.789371630917491,0,0,1,0,"Yes"
1,"3rd","female",21.5,0,0,7.8792,"Q",0,7.8792,0.264890676049259,0.120046804724352,-0.572172399172616,-0.789371630917491,0,0,1,0,"Yes"
0,"3rd","male",40,1,4,27.9,"S",0,27.9,0.497361146016587,0.425081969211267,0.818342507458817,0.188128956243874,1,0,0,1,"No"
0,"2nd","male",29,1,0,27.7208,"C",0,27.7208,0.359135461171149,0.422351693624075,-0.00845013972744087,0.179379650261131,1,1,0,0,"No"
0,"3rd","female",45,0,1,14.4542,"C",0,14.4542,0.560191002764514,0.220222931877186,1.19415734708893,-0.468352173124297,0,1,0,0,"No"
0,"3rd","male",35,0,0,7.05,"S",0,7.05,0.43453128926866,0.107413185768439,0.4425276678287,-0.829856700788536,1,0,0,1,"No"
0,"3rd","male",25,1,0,15.5,"Q",0,15.5,0.308871575772807,0.236156649561815,-0.309102011431534,-0.417291770240628,1,0,1,0,"No"
0,"3rd","male",30,0,0,7.25,"S",0,7.25,0.371701432520734,0.11046036834343,0.0667128281985825,-0.820091850361366,1,0,0,1,"No"
1,"1st","female",60,1,0,75.25,"C",1,65.6344,0.748680573008293,1,2.32160186597928,2.03048281603878,0,1,0,0,"Yes"
1,"3rd","female",21.5,0,0,7.2292,"C",0,7.2292,0.264890676049259,0.110143461355631,-0.572172399172616,-0.821107394805792,0,1,0,0,"Yes"
1,"3rd","female",21.5,0,0,7.75,"Q",0,7.75,0.264890676049259,0.118078324780908,-0.572172399172616,-0.795679724293443,0,0,1,0,"Yes"
1,"1st","female",24,0,0,69.3,"C",1,65.6344,0.296305604423222,1,-0.384264979357558,2.03048281603878,0,1,0,0,"Yes"
1,"1st","male",25,1,0,55.4417,"C",1,55.4417,0.308871575772807,0.844704910839438,-0.309102011431534,1.53283186129373,1,1,0,0,"Yes"
0,"3rd","male",18,1,0,6.4958,"S",0,6.4958,0.22090977632571,0.098969442853138,-0.835242786913698,-0.856915101322222,1,0,0,1,"No"
0,"3rd","male",19,0,0,8.05,"S",0,8.05,0.233475747675295,0.122649098643394,-0.760079818987675,-0.781032448652689,1,0,0,1,"No"
0,"1st","male",22,0,0,135.6333,"C",0,65.6344,0.271173661724051,1,-0.534590915209605,2.03048281603878,1,1,0,0,"No"
0,"3rd","female",3,3,1,21.075,"S",0,21.075,0.0324202060819301,0.321096863839694,-1.96268730580405,-0.145096564583281,0,0,0,1,"No"
1,"1st","female",35,1,0,82.1708,"C",0,65.6344,0.43453128926866,1,0.4425276678287,2.03048281603878,0,1,0,0,"Yes"
1,"3rd","female",22,0,0,7.25,"S",0,7.25,0.271173661724051,0.11046036834343,-0.534590915209605,-0.820091850361366,0,0,0,1,"Yes"
0,"1st","male",27,0,2,211.5,"C",1,65.6344,0.334003518471978,1,-0.158776075579488,2.03048281603878,1,1,0,0,"No"
0,"3rd","male",20,0,0,4.0125,"C",0,4.0125,0.246041719024881,0.0611341004107602,-0.684916851061652,-0.978160366651171,1,1,0,0,"No"
0,"3rd","male",19,0,0,7.775,"S",0,7.775,0.233475747675295,0.118459222602781,-0.760079818987675,-0.794459117990046,1,0,0,1,"No"
1,"1st","female",42,0,0,227.525,"C",0,65.6344,0.522493088715758,1,0.968668443310863,2.03048281603878,0,1,0,0,"Yes"
1,"3rd","female",1,0,2,15.7417,"C",0,15.7417,0.00728826338275949,0.239839169703692,-2.1130132416561,-0.405490948499394,0,1,0,0,"Yes"
0,"3rd","male",32,0,0,7.925,"S",0,7.925,0.396833375219904,0.120744609534025,0.217038764050629,-0.787135480169669,1,0,0,1,"No"
1,"1st","female",35,1,0,52,"S",0,52,0.43453128926866,0.792267469497702,0.4425276678287,1.36479343271779,0,0,0,1,"Yes"
0,"3rd","male",25,0,0,7.8958,"S",0,7.8958,0.308871575772807,0.120299720878076,-0.309102011431534,-0.788561148332036,1,0,0,1,"No"
0,"2nd","male",18,0,0,73.5,"S",0,65.6344,0.22090977632571,1,-0.835242786913698,2.03048281603878,1,0,0,1,"No"
0,"3rd","male",1,5,2,46.9,"S",0,46.9,0.00728826338275949,0.714564313835428,-2.1130132416561,1.11578974682497,1,0,0,1,"No"
1,"2nd","female",36,0,0,13,"S",0,13,0.447097260618246,0.198066867374426,0.517690635754723,-0.539352400580246,0,0,0,1,"Yes"
0,"3rd","male",25,0,0,7.7292,"Q",0,7.7292,0.308871575772807,0.117761417793108,-0.309102011431534,-0.796695268737868,1,0,1,0,"No"
1,"2nd","female",17,0,0,12,"C",0,12,0.208343804976125,0.18283095449947,-0.910405754839722,-0.588176652716093,0,1,0,0,"Yes"
1,"1st","male",36,1,2,120,"S",1,65.6344,0.447097260618246,1,0.517690635754723,2.03048281603878,1,0,0,1,"Yes"
1,"3rd","male",21,0,0,7.7958,"S",0,7.7958,0.258607690374466,0.118776129590581,-0.609753883135628,-0.793443573545621,1,0,0,1,"Yes"
0,"3rd","male",28,2,0,7.925,"S",0,7.925,0.346569489821563,0.120744609534025,-0.0836131076534643,-0.787135480169669,1,0,0,1,"No"
1,"1st","female",23,1,0,113.275,"C",1,65.6344,0.283739633073637,1,-0.459427947283581,2.03048281603878,0,1,0,0,"Yes"
1,"3rd","female",24,0,2,16.7,"S",1,16.7,0.296305604423222,0.254439745011762,-0.384264979357558,-0.358702667677612,0,0,0,1,"Yes"
0,"3rd","male",22,0,0,7.7958,"S",0,7.7958,0.271173661724051,0.118776129590581,-0.534590915209605,-0.793443573545621,1,0,0,1,"No"
0,"3rd","female",31,0,0,7.8542,"S",0,7.8542,0.384267403870319,0.119665906902478,0.141875796124606,-0.790592237220887,0,0,0,1,"No"
0,"2nd","male",46,0,0,26,"S",0,26,0.572756974114099,0.396133734748851,1.26932031501496,0.0953628771857652,1,0,0,1,"No"
0,"2nd","male",23,0,0,10.5,"S",0,10.5,0.283739633073637,0.159977085187036,-0.459427947283581,-0.661413030919863,1,0,0,1,"No"
1,"2nd","female",28,0,0,12.65,"S",0,12.65,0.346569489821563,0.192734297868191,-0.0836131076534643,-0.556440888827792,0,0,0,1,"Yes"
1,"3rd","male",39,0,0,7.925,"S",0,7.925,0.484795174667002,0.120744609534025,0.743179539532793,-0.787135480169669,1,0,0,1,"Yes"
0,"3rd","male",26,0,0,8.05,"S",0,8.05,0.321437547122393,0.122649098643394,-0.233939043505511,-0.781032448652689,1,0,0,1,"No"
0,"3rd","female",21,1,0,9.825,"S",0,9.825,0.258607690374466,0.149692843996441,-0.609753883135628,-0.69436940111156,0,0,0,1,"No"
0,"3rd","male",28,1,0,15.85,"S",0,15.85,0.346569489821563,0.24148921906805,-0.0836131076534643,-0.400203281993082,1,0,0,1,"No"
0,"3rd","female",20,0,0,8.6625,"S",0,8.6625,0.246041719024881,0.131981095279305,-0.684916851061652,-0.751127594219482,0,0,0,1,"No"
0,"2nd","male",34,1,0,21,"S",0,21,0.421965317919075,0.319954170374072,0.367364699902676,-0.14875838349347,1,0,0,1,"No"
0,"3rd","male",51,0,0,7.75,"S",0,7.75,0.635586830862026,0.118078324780908,1.64513515464507,-0.795679724293443,1,0,0,1,"No"
1,"2nd","male",3,1,1,18.75,"S",0,18.75,0.0324202060819301,0.285673366405422,-1.96268730580405,-0.258612950799126,1,0,0,1,"Yes"
0,"3rd","male",21,0,0,7.775,"S",0,7.775,0.258607690374466,0.118459222602781,-0.609753883135628,-0.794459117990046,1,0,0,1,"No"
0,"3rd","female",21.5,3,1,25.4667,"S",0,25.4667,0.264890676049259,0.388008422412637,-0.572172399172616,0.0693249035217179,0,0,0,1,"No"
0,"3rd","male",25,0,0,7.8958,"S",0,7.8958,0.308871575772807,0.120299720878076,-0.309102011431534,-0.788561148332036,1,0,0,1,"No"
0,"3rd","male",25,0,0,6.8583,"Q",0,6.8583,0.308871575772807,0.104492461270309,-0.309102011431534,-0.839216309922977,1,0,1,0,"No"
1,"1st","female",33,1,0,90,"Q",1,65.6344,0.40939934656949,1,0.292201731976653,2.03048281603878,0,0,1,0,"Yes"
0,"2nd","male",30,0,0,0,"S",0,0,0.371701432520734,0,0.0667128281985825,-1.17406767834626,1,0,0,1,"No"
1,"3rd","male",44,0,0,7.925,"S",0,7.925,0.547625031414928,0.120744609534025,1.11899437916291,-0.787135480169669,1,0,0,1,"Yes"
0,"3rd","female",21.5,0,0,8.05,"S",0,8.05,0.264890676049259,0.122649098643394,-0.572172399172616,-0.781032448652689,0,0,0,1,"No"
1,"2nd","female",34,1,1,32.5,"S",0,32.5,0.421965317919075,0.495167168436064,0.367364699902676,0.412720516068771,0,0,0,1,"Yes"
1,"2nd","female",18,0,2,13,"S",0,13,0.22090977632571,0.198066867374426,-0.835242786913698,-0.539352400580246,0,0,0,1,"Yes"
0,"2nd","male",30,0,0,13,"S",0,13,0.371701432520734,0.198066867374426,0.0667128281985825,-0.539352400580246,1,0,0,1,"No"
0,"3rd","female",10,0,2,24.15,"S",0,24.15,0.120382005529027,0.367947295930183,-1.43654653032189,0.00503801073444814,0,0,0,1,"No"
0,"3rd","male",25,0,0,7.8958,"C",0,7.8958,0.308871575772807,0.120299720878076,-0.309102011431534,-0.788561148332036,1,1,0,0,"No"
0,"3rd","male",21,0,0,7.7333,"Q",0,7.7333,0.258607690374466,0.117823885035896,-0.609753883135628,-0.796495089304111,1,0,1,0,"No"
0,"3rd","male",29,0,0,7.875,"S",0,7.875,0.359135461171149,0.119982813890277,-0.00845013972744087,-0.789576692776462,1,0,0,1,"No"
0,"3rd","female",28,1,1,14.4,"S",0,14.4,0.346569489821563,0.219397145399364,-0.0836131076534643,-0.47099844759006,0,0,0,1,"No"
0,"3rd","male",18,1,1,20.2125,"S",0,20.2125,0.22090977632571,0.307955888985044,-0.835242786913698,-0.187207482050449,1,0,0,1,"No"
0,"3rd","male",25,0,0,7.25,"S",0,7.25,0.308871575772807,0.11046036834343,-0.309102011431534,-0.820091850361366,1,0,0,1,"No"
1,"2nd","female",28,1,0,26,"S",0,26,0.346569489821563,0.396133734748851,-0.0836131076534643,0.0953628771857652,0,0,0,1,"Yes"
1,"2nd","female",19,0,0,26,"S",0,26,0.233475747675295,0.396133734748851,-0.760079818987675,0.0953628771857652,0,0,0,1,"Yes"
0,"3rd","male",25,0,0,7.75,"Q",0,7.75,0.308871575772807,0.118078324780908,-0.309102011431534,-0.795679724293443,1,0,1,0,"No"
1,"3rd","male",32,0,0,8.05,"S",1,8.05,0.396833375219904,0.122649098643394,0.217038764050629,-0.781032448652689,1,0,0,1,"Yes"
1,"1st","male",28,0,0,26.55,"S",1,26.55,0.346569489821563,0.404513486830077,-0.0836131076534643,0.122216215860481,1,0,0,1,"Yes"
1,"3rd","female",21.5,1,0,16.1,"S",0,16.1,0.264890676049259,0.245298197286789,-0.572172399172616,-0.38799721895912,0,0,0,1,"Yes"
1,"2nd","female",42,1,0,26,"S",0,26,0.522493088715758,0.396133734748851,0.968668443310863,0.0953628771857652,0,0,0,1,"Yes"
0,"3rd","male",17,0,0,7.125,"S",0,7.125,0.208343804976125,0.10855587923406,-0.910405754839722,-0.826194881878347,1,0,0,1,"No"
0,"1st","male",50,1,0,55.9,"S",1,55.9,0.62302085951244,0.85168752971003,1.56997218671905,1.55520801604759,1,0,0,1,"No"
1,"1st","female",14,1,2,120,"S",1,65.6344,0.170645890927369,1,-1.13589465861779,2.03048281603878,0,0,0,1,"Yes"
0,"3rd","female",21,2,2,34.375,"S",0,34.375,0.258607690374466,0.523734505076606,-0.609753883135628,0.504265988823484,0,0,0,1,"No"
1,"2nd","female",24,2,3,18.75,"S",0,18.75,0.296305604423222,0.285673366405422,-0.384264979357558,-0.258612950799126,0,0,0,1,"Yes"
0,"1st","male",64,1,4,263,"S",1,65.6344,0.798944458406635,1,2.62225373768338,2.03048281603878,1,0,0,1,"No"
0,"2nd","male",31,0,0,10.5,"S",0,10.5,0.384267403870319,0.159977085187036,0.141875796124606,-0.661413030919863,1,0,0,1,"No"
1,"2nd","female",45,1,1,26.25,"S",0,26.25,0.560191002764514,0.39994271296759,1.19415734708893,0.107568940219727,0,0,0,1,"Yes"
0,"3rd","male",20,0,0,9.5,"S",0,9.5,0.246041719024881,0.14474117231208,-0.684916851061652,-0.71023728305571,1,0,0,1,"No"
0,"3rd","male",25,1,0,7.775,"S",0,7.775,0.308871575772807,0.118459222602781,-0.309102011431534,-0.794459117990046,1,0,0,1,"No"
1,"2nd","female",28,0,0,13,"S",0,13,0.346569489821563,0.198066867374426,-0.0836131076534643,-0.539352400580246,0,0,0,1,"Yes"
1,"3rd","male",25,0,0,8.1125,"S",0,8.1125,0.308871575772807,0.123601343198079,-0.309102011431534,-0.777980932894198,1,0,0,1,"Yes"
1,"1st","male",4,0,2,81.8583,"S",1,65.6344,0.0449861774315155,1,-1.88752433787803,2.03048281603878,1,0,0,1,"Yes"
1,"2nd","female",13,0,1,19.5,"S",0,19.5,0.158079919577783,0.297100301061638,-1.21105762654382,-0.22199476169724,0,0,0,1,"Yes"
1,"1st","male",34,0,0,26.55,"S",0,26.55,0.421965317919075,0.404513486830077,0.367364699902676,0.122216215860481,1,0,0,1,"Yes"
1,"3rd","female",5,2,1,19.2583,"C",0,19.2583,0.0575521487811008,0.293417780919762,-1.812361369952,-0.233795583438475,0,1,0,0,"Yes"
1,"1st","male",52,0,0,30.5,"S",1,30.5,0.648152802211611,0.464695342686152,1.7202981225711,0.315072011797077,1,0,0,1,"Yes"
0,"2nd","male",36,1,2,27.75,"S",0,27.75,0.447097260618246,0.422796582280024,0.517690635754723,0.180805318423497,1,0,0,1,"No"
0,"3rd","male",25,1,0,19.9667,"S",0,19.9667,0.308871575772807,0.30421090160038,-0.309102011431534,-0.199208483225441,1,0,0,1,"No"
0,"1st","male",30,0,0,27.75,"C",1,27.75,0.371701432520734,0.422796582280024,0.0667128281985825,0.180805318423497,1,1,0,0,"No"
1,"1st","male",49,1,0,89.1042,"C",1,65.6344,0.610454888162855,1,1.49480921879303,2.03048281603878,1,1,0,0,"Yes"
0,"3rd","male",25,0,0,8.05,"S",0,8.05,0.308871575772807,0.122649098643394,-0.309102011431534,-0.781032448652689,1,0,0,1,"No"
1,"3rd","male",29,0,0,7.8958,"C",0,7.8958,0.359135461171149,0.120299720878076,-0.00845013972744087,-0.788561148332036,1,1,0,0,"Yes"
0,"1st","male",65,0,0,26.55,"S",1,26.55,0.81151042975622,0.404513486830077,2.6974167056094,0.122216215860481,1,0,0,1,"No"
1,"1st","female",35,1,0,51.8625,"S",1,51.8625,0.43453128926866,0.790172531477396,0.4425276678287,1.35808009804911,0,0,0,1,"Yes"
1,"2nd","female",50,0,0,10.5,"S",0,10.5,0.62302085951244,0.159977085187036,1.56997218671905,-0.661413030919863,0,0,0,1,"Yes"
0,"3rd","male",25,0,0,7.75,"Q",0,7.75,0.308871575772807,0.118078324780908,-0.309102011431534,-0.795679724293443,1,0,1,0,"No"
1,"1st","male",48,0,0,26.55,"S",1,26.55,0.59788891681327,0.404513486830077,1.419646250867,0.122216215860481,1,0,0,1,"Yes"
0,"3rd","male",34,0,0,8.05,"S",0,8.05,0.421965317919075,0.122649098643394,0.367364699902676,-0.781032448652689,1,0,0,1,"No"
0,"1st","male",47,0,0,38.5,"S",1,38.5,0.585322945463684,0.586582645685799,1.34448328294098,0.705666028883853,1,0,0,1,"No"
0,"2nd","male",48,0,0,13,"S",0,13,0.59788891681327,0.198066867374426,1.419646250867,-0.539352400580246,1,0,0,1,"No"
0,"3rd","male",25,0,0,8.05,"S",0,8.05,0.308871575772807,0.122649098643394,-0.309102011431534,-0.781032448652689,1,0,0,1,"No"
0,"3rd","male",38,0,0,7.05,"S",0,7.05,0.472229203317416,0.107413185768439,0.66801657160677,-0.829856700788536,1,0,0,1,"No"
0,"2nd","male",30,0,0,0,"S",0,0,0.371701432520734,0,0.0667128281985825,-1.17406767834626,1,0,0,1,"No"
0,"1st","male",56,0,0,26.55,"S",0,26.55,0.698416687609952,0.404513486830077,2.02094999427519,0.122216215860481,1,0,0,1,"No"
0,"3rd","male",25,0,0,7.725,"Q",0,7.725,0.308871575772807,0.117697426959034,-0.309102011431534,-0.796900330596839,1,0,1,0,"No"
1,"3rd","female",0.75,2,1,19.2583,"C",0,19.2583,0.00414677054536316,0.293417780919762,-2.1318039836376,-0.233795583438475,0,1,0,0,"Yes"
0,"3rd","male",25,0,0,7.25,"S",0,7.25,0.308871575772807,0.11046036834343,-0.309102011431534,-0.820091850361366,1,0,0,1,"No"
0,"3rd","male",38,0,0,8.6625,"S",0,8.6625,0.472229203317416,0.131981095279305,0.66801657160677,-0.751127594219482,1,0,0,1,"No"
1,"2nd","female",33,1,2,27.75,"S",0,27.75,0.40939934656949,0.422796582280024,0.292201731976653,0.180805318423497,0,0,0,1,"Yes"
1,"2nd","female",23,0,0,13.7917,"C",1,13.7917,0.283739633073637,0.210129139597528,-0.459427947283581,-0.500698240164296,0,1,0,0,"Yes"
0,"3rd","female",22,0,0,9.8375,"S",0,9.8375,0.271173661724051,0.149883292907378,-0.534590915209605,-0.693759097959862,0,0,0,1,"No"
0,"1st","male",40,0,0,52,"S",1,52,0.497361146016587,0.792267469497702,0.818342507458817,1.36479343271779,1,0,0,1,"No"
0,"2nd","male",34,1,0,21,"S",0,21,0.421965317919075,0.319954170374072,0.367364699902676,-0.14875838349347,1,0,0,1,"No"
0,"3rd","male",29,1,0,7.0458,"S",0,7.0458,0.359135461171149,0.107349194934364,-0.00845013972744087,-0.830061762647506,1,0,0,1,"No"
0,"3rd","male",22,0,0,7.5208,"S",0,7.5208,0.271173661724051,0.114586253549968,-0.534590915209605,-0.806870242882979,1,0,0,1,"No"
1,"3rd","female",2,0,1,12.2875,"S",0,12.2875,0.0198542347323448,0.18721127945102,-2.03785027373007,-0.574139680227037,0,0,0,1,"Yes"
0,"3rd","male",9,5,2,46.9,"S",0,46.9,0.107816034179442,0.714564313835428,-1.51170949824791,1.11578974682497,1,0,0,1,"No"
0,"2nd","male",30,0,0,0,"S",0,0,0.371701432520734,0,0.0667128281985825,-1.17406767834626,1,0,0,1,"No"
0,"3rd","male",50,0,0,8.05,"S",0,8.05,0.62302085951244,0.122649098643394,1.56997218671905,-0.781032448652689,1,0,0,1,"No"
1,"3rd","female",63,0,0,9.5875,"S",0,9.5875,0.786378487057049,0.146074314688639,2.54709076975736,-0.705965160993824,0,0,0,1,"Yes"
1,"1st","male",25,1,0,91.0792,"C",1,65.6344,0.308871575772807,1,-0.309102011431534,2.03048281603878,1,1,0,0,"Yes"
0,"3rd","female",21.5,3,1,25.4667,"S",0,25.4667,0.264890676049259,0.388008422412637,-0.572172399172616,0.0693249035217179,0,0,0,1,"No"
1,"1st","female",35,1,0,90,"S",1,65.6344,0.43453128926866,1,0.4425276678287,2.03048281603878,0,0,0,1,"Yes"
0,"1st","male",58,0,0,29.7,"C",1,29.7,0.723548630309123,0.452506612386188,2.17127593012724,0.276012610088399,1,1,0,0,"No"
0,"3rd","male",30,0,0,8.05,"S",0,8.05,0.371701432520734,0.122649098643394,0.0667128281985825,-0.781032448652689,1,0,0,1,"No"
1,"3rd","male",9,1,1,15.9,"S",0,15.9,0.107816034179442,0.242251014711797,-1.51170949824791,-0.39776206938629,1,0,0,1,"Yes"
0,"3rd","male",25,1,0,19.9667,"S",0,19.9667,0.308871575772807,0.30421090160038,-0.309102011431534,-0.199208483225441,1,0,0,1,"No"
0,"3rd","male",21,0,0,7.25,"S",0,7.25,0.258607690374466,0.11046036834343,-0.609753883135628,-0.820091850361366,1,0,0,1,"No"
0,"1st","male",55,0,0,30.5,"S",1,30.5,0.685850716260367,0.464695342686152,1.94578702634917,0.315072011797077,1,0,0,1,"No"
0,"1st","male",71,0,0,49.5042,"C",0,49.5042,0.886906257853732,0.754241678144388,3.14839451316554,1.24293786423714,1,1,0,0,"No"
0,"3rd","male",21,0,0,8.05,"S",0,8.05,0.258607690374466,0.122649098643394,-0.609753883135628,-0.781032448652689,1,0,0,1,"No"
0,"3rd","male",25,0,0,14.4583,"C",0,14.4583,0.308871575772807,0.220285399119974,-0.309102011431534,-0.46815199369054,1,1,0,0,"No"
1,"1st","female",54,1,0,78.2667,"C",1,65.6344,0.673284744910782,1,1.87062405842314,2.03048281603878,0,1,0,0,"Yes"
0,"3rd","male",25,0,0,15.1,"S",0,15.1,0.308871575772807,0.230062284411833,-0.309102011431534,-0.436821471094967,1,0,0,1,"No"
0,"1st","female",25,1,2,151.55,"S",1,65.6344,0.308871575772807,1,-0.309102011431534,2.03048281603878,0,0,0,1,"No"
0,"3rd","male",24,0,0,7.7958,"S",0,7.7958,0.296305604423222,0.118776129590581,-0.384264979357558,-0.793443573545621,1,0,0,1,"No"
0,"3rd","male",17,0,0,8.6625,"S",0,8.6625,0.208343804976125,0.131981095279305,-0.910405754839722,-0.751127594219482,1,0,0,1,"No"
0,"3rd","female",21,0,0,7.75,"Q",0,7.75,0.258607690374466,0.118078324780908,-0.609753883135628,-0.795679724293443,0,0,1,0,"No"
0,"3rd","female",21.5,0,0,7.6292,"Q",0,7.6292,0.264890676049259,0.116237826505613,-0.572172399172616,-0.801577693951453,0,0,1,0,"No"
0,"3rd","female",37,0,0,9.5875,"S",0,9.5875,0.459663231967831,0.146074314688639,0.592853603680746,-0.705965160993824,0,0,0,1,"No"
1,"1st","female",16,0,0,86.5,"S",1,65.6344,0.195777833626539,1,-0.985568722765745,2.03048281603878,0,0,0,1,"Yes"
0,"1st","male",18,1,0,108.9,"C",1,65.6344,0.22090977632571,1,-0.835242786913698,2.03048281603878,1,1,0,0,"No"
1,"2nd","female",33,0,2,26,"S",0,26,0.40939934656949,0.396133734748851,0.292201731976653,0.0953628771857652,0,0,0,1,"Yes"
1,"1st","male",40,0,0,26.55,"S",0,26.55,0.497361146016587,0.404513486830077,0.818342507458817,0.122216215860481,1,0,0,1,"Yes"
0,"3rd","male",28,0,0,22.525,"S",0,22.525,0.346569489821563,0.34318893750838,-0.0836131076534643,-0.0743013989863033,1,0,0,1,"No"
1,"3rd","male",26,0,0,56.4958,"S",0,56.4958,0.321437547122393,0.860765086600929,-0.233939043505511,1.58429750547013,1,0,0,1,"Yes"
1,"3rd","male",29,0,0,7.75,"Q",0,7.75,0.359135461171149,0.118078324780908,-0.00845013972744087,-0.795679724293443,1,0,1,0,"Yes"
0,"3rd","male",25,0,0,8.05,"S",0,8.05,0.308871575772807,0.122649098643394,-0.309102011431534,-0.781032448652689,1,0,0,1,"No"
1,"1st","male",36,0,0,26.2875,"S",1,26.2875,0.447097260618246,0.400514059700401,0.517690635754723,0.109399849674821,1,0,0,1,"Yes"
1,"1st","female",54,1,0,59.4,"C",0,59.4,0.673284744910782,0.905013224772375,1.87062405842314,1.72609289852306,0,1,0,0,"Yes"
0,"3rd","male",24,0,0,7.4958,"S",0,7.4958,0.296305604423222,0.114205355728094,-0.384264979357558,-0.808090849186375,1,0,0,1,"No"
0,"1st","male",47,0,0,34.0208,"S",1,34.0208,0.585322945463684,0.518337944736297,1.34448328294098,0.486972438716967,1,0,0,1,"No"
1,"2nd","female",34,0,0,10.5,"S",1,10.5,0.421965317919075,0.159977085187036,0.367364699902676,-0.661413030919863,0,0,0,1,"Yes"
0,"3rd","male",25,0,0,24.15,"Q",0,24.15,0.308871575772807,0.367947295930183,-0.309102011431534,0.00503801073444814,1,0,1,0,"No"
1,"2nd","female",36,1,0,26,"S",0,26,0.447097260618246,0.396133734748851,0.517690635754723,0.0953628771857652,0,0,0,1,"Yes"
0,"3rd","male",32,0,0,7.8958,"S",0,7.8958,0.396833375219904,0.120299720878076,0.217038764050629,-0.788561148332036,1,0,0,1,"No"
1,"1st","female",30,0,0,93.5,"S",1,65.6344,0.371701432520734,1,0.0667128281985825,2.03048281603878,0,0,0,1,"Yes"
0,"3rd","male",22,0,0,7.8958,"S",0,7.8958,0.271173661724051,0.120299720878076,-0.534590915209605,-0.788561148332036,1,0,0,1,"No"
0,"3rd","male",25,0,0,7.225,"C",0,7.225,0.308871575772807,0.110079470521556,-0.309102011431534,-0.821312456664762,1,1,0,0,"No"
1,"1st","female",44,0,1,57.9792,"C",1,57.9792,0.547625031414928,0.883366039759638,1.11899437916291,1.65672340108844,0,1,0,0,"Yes"
0,"3rd","male",25,0,0,7.2292,"C",0,7.2292,0.308871575772807,0.110143461355631,-0.309102011431534,-0.821107394805792,1,1,0,0,"No"
0,"3rd","male",40.5,0,0,7.75,"Q",0,7.75,0.50364413169138,0.118078324780908,0.855923991421828,-0.795679724293443,1,0,1,0,"No"
1,"2nd","female",50,0,0,10.5,"S",0,10.5,0.62302085951244,0.159977085187036,1.56997218671905,-0.661413030919863,0,0,0,1,"Yes"
0,"1st","male",40,0,0,221.7792,"S",1,65.6344,0.497361146016587,1,0.818342507458817,2.03048281603878,1,0,0,1,"No"
0,"3rd","male",39,0,0,7.925,"S",0,7.925,0.484795174667002,0.120744609534025,0.743179539532793,-0.787135480169669,1,0,0,1,"No"
0,"2nd","male",23,2,1,11.5,"S",0,11.5,0.283739633073637,0.175212998061992,-0.459427947283581,-0.612588778784016,1,0,0,1,"No"
1,"2nd","female",2,1,1,26,"S",0,26,0.0198542347323448,0.396133734748851,-2.03785027373007,0.0953628771857652,0,0,0,1,"Yes"
0,"3rd","male",25,0,0,7.2292,"C",0,7.2292,0.308871575772807,0.110143461355631,-0.309102011431534,-0.821107394805792,1,1,0,0,"No"
0,"3rd","male",17,1,1,7.2292,"C",0,7.2292,0.208343804976125,0.110143461355631,-0.910405754839722,-0.821107394805792,1,1,0,0,"No"
1,"3rd","female",21.5,0,2,22.3583,"C",0,22.3583,0.264890676049259,0.340649110832125,-0.572172399172616,-0.0824404018173489,0,1,0,0,"Yes"
0,"3rd","female",30,0,0,8.6625,"S",0,8.6625,0.371701432520734,0.131981095279305,0.0667128281985825,-0.751127594219482,0,0,0,1,"No"
1,"2nd","female",7,0,2,26.25,"S",0,26.25,0.0826840914802714,0.39994271296759,-1.66203543409996,0.107568940219727,0,0,0,1,"Yes"
0,"1st","male",45,0,0,26.55,"S",1,26.55,0.560191002764514,0.404513486830077,1.19415734708893,0.122216215860481,1,0,0,1,"No"
1,"1st","female",30,0,0,106.425,"C",0,65.6344,0.371701432520734,1,0.0667128281985825,2.03048281603878,0,1,0,0,"Yes"
0,"3rd","male",25,0,0,14.5,"S",0,14.5,0.308871575772807,0.220920736686859,-0.309102011431534,-0.466116022376475,1,0,0,1,"No"
1,"1st","female",22,0,2,49.5,"C",1,49.5,0.271173661724051,0.754177687310313,-0.534590915209605,1.24273280237817,0,1,0,0,"Yes"
1,"1st","female",36,0,2,71,"S",1,65.6344,0.447097260618246,1,0.517690635754723,2.03048281603878,0,0,0,1,"Yes"
0,"3rd","female",9,4,2,31.275,"S",0,31.275,0.107816034179442,0.476503175164243,-1.51170949824791,0.352910807202358,0,0,0,1,"No"
0,"3rd","female",11,4,2,31.275,"S",0,31.275,0.132947976878613,0.476503175164243,-1.36138356239586,0.352910807202358,0,0,0,1,"No"
1,"2nd","male",32,1,0,26,"S",0,26,0.396833375219904,0.396133734748851,0.217038764050629,0.0953628771857652,1,0,0,1,"Yes"
0,"1st","male",50,1,0,106.425,"C",1,65.6344,0.62302085951244,1,1.56997218671905,2.03048281603878,1,1,0,0,"No"
0,"1st","male",64,0,0,26,"S",0,26,0.798944458406635,0.396133734748851,2.62225373768338,0.0953628771857652,1,0,0,1,"No"
1,"2nd","female",19,1,0,26,"S",0,26,0.233475747675295,0.396133734748851,-0.760079818987675,0.0953628771857652,0,0,0,1,"Yes"
1,"2nd","male",30,0,0,13.8625,"C",0,13.8625,0.371701432520734,0.211207842229075,0.0667128281985825,-0.497241483113078,1,1,0,0,"Yes"
0,"3rd","male",33,1,1,20.525,"S",0,20.525,0.40939934656949,0.312717111758468,0.292201731976653,-0.171949903257997,1,0,0,1,"No"
1,"2nd","male",8,1,1,36.75,"S",0,36.75,0.0952500628298567,0.559919798154626,-1.58687246617393,0.620223587646121,1,0,0,1,"Yes"
1,"1st","male",17,0,2,110.8833,"C",1,65.6344,0.208343804976125,1,-0.910405754839722,2.03048281603878,1,1,0,0,"Yes"
0,"2nd","male",27,0,0,26,"S",0,26,0.334003518471978,0.396133734748851,-0.158776075579488,0.0953628771857652,1,0,0,1,"No"
0,"3rd","male",25,0,0,7.8292,"Q",0,7.8292,0.308871575772807,0.119285009080604,-0.309102011431534,-0.791812843524284,1,0,1,0,"No"
1,"3rd","male",22,0,0,7.225,"C",0,7.225,0.271173661724051,0.110079470521556,-0.534590915209605,-0.821312456664762,1,1,0,0,"Yes"
1,"3rd","female",22,0,0,7.775,"S",0,7.775,0.271173661724051,0.118459222602781,-0.534590915209605,-0.794459117990046,0,0,0,1,"Yes"
0,"1st","male",62,0,0,26.55,"S",0,26.55,0.773812515707464,0.404513486830077,2.47192780183133,0.122216215860481,1,0,0,1,"No"
1,"1st","female",48,1,0,39.6,"C",1,39.6,0.59788891681327,0.60334214984825,1.419646250867,0.759372706233285,0,1,0,0,"Yes"
0,"1st","male",40,0,0,227.525,"C",0,65.6344,0.497361146016587,1,0.818342507458817,2.03048281603878,1,1,0,0,"No"
1,"1st","female",39,1,1,79.65,"S",1,65.6344,0.484795174667002,1,0.743179539532793,2.03048281603878,0,0,0,1,"Yes"
1,"3rd","female",36,1,0,17.4,"S",0,17.4,0.447097260618246,0.265104884024231,0.517690635754723,-0.324525691182519,0,0,0,1,"Yes"
0,"3rd","male",25,0,0,7.75,"Q",0,7.75,0.308871575772807,0.118078324780908,-0.309102011431534,-0.795679724293443,1,0,1,0,"No"
0,"3rd","male",40,0,0,7.8958,"S",0,7.8958,0.497361146016587,0.120299720878076,0.818342507458817,-0.788561148332036,1,0,0,1,"No"
0,"2nd","male",28,0,0,13.5,"S",0,13.5,0.346569489821563,0.205684823811904,-0.0836131076534643,-0.514940274512322,1,0,0,1,"No"
0,"3rd","male",25,0,0,8.05,"S",0,8.05,0.308871575772807,0.122649098643394,-0.309102011431534,-0.781032448652689,1,0,0,1,"No"
0,"3rd","female",21.5,0,0,8.05,"S",0,8.05,0.264890676049259,0.122649098643394,-0.572172399172616,-0.781032448652689,0,0,0,1,"No"
0,"3rd","male",24,2,0,24.15,"S",0,24.15,0.296305604423222,0.367947295930183,-0.384264979357558,0.00503801073444814,1,0,0,1,"No"
0,"3rd","male",19,0,0,7.8958,"S",0,7.8958,0.233475747675295,0.120299720878076,-0.760079818987675,-0.788561148332036,1,0,0,1,"No"
0,"3rd","female",29,0,4,21.075,"S",0,21.075,0.359135461171149,0.321096863839694,-0.00845013972744087,-0.145096564583281,0,0,0,1,"No"
0,"3rd","male",25,0,0,7.2292,"C",0,7.2292,0.308871575772807,0.110143461355631,-0.309102011431534,-0.821107394805792,1,1,0,0,"No"
1,"3rd","male",32,0,0,7.8542,"S",0,7.8542,0.396833375219904,0.119665906902478,0.217038764050629,-0.790592237220887,1,0,0,1,"Yes"
1,"2nd","male",62,0,0,10.5,"S",0,10.5,0.773812515707464,0.159977085187036,2.47192780183133,-0.661413030919863,1,0,0,1,"Yes"
1,"1st","female",53,2,0,51.4792,"S",1,51.4792,0.660718773561196,0.784332606072425,1.79546109049712,1.33936576220544,0,0,0,1,"Yes"
1,"1st","male",36,0,0,26.3875,"S",1,26.3875,0.447097260618246,0.402037650987897,0.517690635754723,0.114282274888406,1,0,0,1,"Yes"
1,"3rd","female",21.5,0,0,7.75,"Q",0,7.75,0.264890676049259,0.118078324780908,-0.572172399172616,-0.795679724293443,0,0,1,0,"Yes"
0,"3rd","male",16,0,0,8.05,"S",0,8.05,0.195777833626539,0.122649098643394,-0.985568722765745,-0.781032448652689,1,0,0,1,"No"
0,"3rd","male",19,0,0,14.5,"S",0,14.5,0.233475747675295,0.220920736686859,-0.760079818987675,-0.466116022376475,1,0,0,1,"No"
1,"2nd","female",34,0,0,13,"S",0,13,0.421965317919075,0.198066867374426,0.367364699902676,-0.539352400580246,0,0,0,1,"Yes"
1,"1st","female",39,1,0,55.9,"S",1,55.9,0.484795174667002,0.85168752971003,0.743179539532793,1.55520801604759,0,0,0,1,"Yes"
0,"3rd","female",21.5,1,0,14.4583,"C",0,14.4583,0.264890676049259,0.220285399119974,-0.572172399172616,-0.46815199369054,0,1,0,0,"No"
1,"3rd","male",32,0,0,7.925,"S",0,7.925,0.396833375219904,0.120744609534025,0.217038764050629,-0.787135480169669,1,0,0,1,"Yes"
1,"2nd","female",25,1,1,30,"S",0,30,0.308871575772807,0.457077386248674,-0.309102011431534,0.290659885729153,0,0,0,1,"Yes"
1,"1st","female",39,1,1,110.8833,"C",1,65.6344,0.484795174667002,1,0.743179539532793,2.03048281603878,0,1,0,0,"Yes"
0,"2nd","male",54,0,0,26,"S",0,26,0.673284744910782,0.396133734748851,1.87062405842314,0.0953628771857652,1,0,0,1,"No"
0,"1st","male",36,0,0,40.125,"C",1,40.125,0.447097260618246,0.611341004107602,0.517690635754723,0.785005438604604,1,1,0,0,"No"
0,"3rd","male",25,0,0,8.7125,"C",0,8.7125,0.308871575772807,0.132742890923053,-0.309102011431534,-0.74868638161269,1,1,0,0,"No"
1,"1st","female",18,0,2,79.65,"S",1,65.6344,0.22090977632571,1,-0.835242786913698,2.03048281603878,0,0,0,1,"Yes"
0,"2nd","male",47,0,0,15,"S",0,15,0.585322945463684,0.228538693124337,1.34448328294098,-0.441703896308552,1,0,0,1,"No"
1,"1st","male",60,1,1,79.2,"C",1,65.6344,0.748680573008293,1,2.32160186597928,2.03048281603878,1,1,0,0,"Yes"
0,"3rd","male",22,0,0,8.05,"S",0,8.05,0.271173661724051,0.122649098643394,-0.534590915209605,-0.781032448652689,1,0,0,1,"No"
0,"3rd","male",25,0,0,8.05,"S",0,8.05,0.308871575772807,0.122649098643394,-0.309102011431534,-0.781032448652689,1,0,0,1,"No"
0,"3rd","male",35,0,0,7.125,"S",0,7.125,0.43453128926866,0.10855587923406,0.4425276678287,-0.826194881878347,1,0,0,1,"No"
1,"1st","female",52,1,0,78.2667,"C",1,65.6344,0.648152802211611,1,1.7202981225711,2.03048281603878,0,1,0,0,"Yes"
0,"3rd","male",47,0,0,7.25,"S",0,7.25,0.585322945463684,0.11046036834343,1.34448328294098,-0.820091850361366,1,0,0,1,"No"
0,"3rd","female",21.5,0,2,7.75,"Q",0,7.75,0.264890676049259,0.118078324780908,-0.572172399172616,-0.795679724293443,0,0,1,0,"No"
0,"2nd","male",37,1,0,26,"S",0,26,0.459663231967831,0.396133734748851,0.592853603680746,0.0953628771857652,1,0,0,1,"No"
0,"3rd","male",36,1,1,24.15,"S",0,24.15,0.447097260618246,0.367947295930183,0.517690635754723,0.00503801073444814,1,0,0,1,"No"
1,"2nd","female",28,0,0,33,"S",0,33,0.346569489821563,0.502785124873542,-0.0836131076534643,0.437132642136694,0,0,0,1,"Yes"
0,"3rd","male",49,0,0,0,"S",0,0,0.610454888162855,0,1.49480921879303,-1.17406767834626,1,0,0,1,"No"
0,"3rd","male",25,0,0,7.225,"C",0,7.225,0.308871575772807,0.110079470521556,-0.309102011431534,-0.821312456664762,1,1,0,0,"No"
1,"1st","male",49,1,0,56.9292,"C",1,56.9292,0.610454888162855,0.867368331240935,1.49480921879303,1.6054579363458,1,1,0,0,"Yes"
1,"2nd","female",24,2,1,27,"S",0,27,0.296305604423222,0.411369647623807,-0.384264979357558,0.144187129321612,0,0,0,1,"Yes"
0,"3rd","male",25,0,0,7.8958,"S",0,7.8958,0.308871575772807,0.120299720878076,-0.309102011431534,-0.788561148332036,1,0,0,1,"No"
0,"1st","male",40,0,0,42.4,"S",0,42.4,0.497361146016587,0.646002705898127,0.818342507458817,0.896080612213656,1,0,0,1,"No"
0,"3rd","male",44,0,0,8.05,"S",0,8.05,0.547625031414928,0.122649098643394,1.11899437916291,-0.781032448652689,1,0,0,1,"No"
1,"1st","male",35,0,0,26.55,"C",0,26.55,0.43453128926866,0.404513486830077,0.4425276678287,0.122216215860481,1,1,0,0,"Yes"
0,"3rd","male",36,1,0,15.55,"S",0,15.55,0.447097260618246,0.236918445205563,0.517690635754723,-0.414850557633836,1,0,0,1,"No"
0,"3rd","male",30,0,0,7.8958,"S",0,7.8958,0.371701432520734,0.120299720878076,0.0667128281985825,-0.788561148332036,1,0,0,1,"No"
1,"1st","male",27,0,0,30.5,"S",0,30.5,0.334003518471978,0.464695342686152,-0.158776075579488,0.315072011797077,1,0,0,1,"Yes"
1,"2nd","female",22,1,2,41.5792,"C",0,41.5792,0.271173661724051,0.633497068610363,-0.534590915209605,0.856005666060553,0,1,0,0,"Yes"
1,"1st","female",40,0,0,153.4625,"S",1,65.6344,0.497361146016587,1,0.818342507458817,2.03048281603878,0,0,0,1,"Yes"
0,"3rd","female",39,1,5,31.275,"S",0,31.275,0.484795174667002,0.476503175164243,0.743179539532793,0.352910807202358,0,0,0,1,"No"
0,"3rd","male",25,0,0,7.05,"S",0,7.05,0.308871575772807,0.107413185768439,-0.309102011431534,-0.829856700788536,1,0,0,1,"No"
1,"3rd","female",21.5,1,0,15.5,"Q",0,15.5,0.264890676049259,0.236156649561815,-0.572172399172616,-0.417291770240628,0,0,1,0,"Yes"
0,"3rd","male",25,0,0,7.75,"Q",0,7.75,0.308871575772807,0.118078324780908,-0.309102011431534,-0.795679724293443,1,0,1,0,"No"
0,"3rd","male",35,0,0,8.05,"S",0,8.05,0.43453128926866,0.122649098643394,0.4425276678287,-0.781032448652689,1,0,0,1,"No"
1,"2nd","female",24,1,2,65,"S",0,65,0.296305604423222,0.990334336872128,-0.384264979357558,1.9995087104838,0,0,0,1,"Yes"
0,"3rd","male",34,1,1,14.4,"S",0,14.4,0.421965317919075,0.219397145399364,0.367364699902676,-0.47099844759006,1,0,0,1,"No"
0,"3rd","female",26,1,0,16.1,"S",0,16.1,0.321437547122393,0.245298197286789,-0.233939043505511,-0.38799721895912,0,0,0,1,"No"
1,"2nd","female",4,2,1,39,"S",1,39,0.0449861774315155,0.594200602123277,-1.88752433787803,0.730078154951776,0,0,0,1,"Yes"
0,"2nd","male",26,0,0,10.5,"S",0,10.5,0.321437547122393,0.159977085187036,-0.233939043505511,-0.661413030919863,1,0,0,1,"No"
0,"3rd","male",27,1,0,14.4542,"C",0,14.4542,0.334003518471978,0.220222931877186,-0.158776075579488,-0.468352173124297,1,1,0,0,"No"
1,"1st","male",42,1,0,52.5542,"S",1,52.5542,0.522493088715758,0.800711212413003,0.968668443310863,1.39185183325147,1,0,0,1,"Yes"
1,"3rd","male",20,1,1,15.7417,"C",0,15.7417,0.246041719024881,0.239839169703692,-0.684916851061652,-0.405490948499394,1,1,0,0,"Yes"
0,"3rd","male",21,0,0,7.8542,"S",0,7.8542,0.258607690374466,0.119665906902478,-0.609753883135628,-0.790592237220887,1,0,0,1,"No"
0,"3rd","male",21,0,0,16.1,"S",0,16.1,0.258607690374466,0.245298197286789,-0.609753883135628,-0.38799721895912,1,0,0,1,"No"
0,"1st","male",61,0,0,32.3208,"S",1,32.3208,0.761246544357879,0.492436892848872,2.39676483390531,0.403971210086027,1,0,0,1,"No"
0,"2nd","male",57,0,0,12.35,"Q",0,12.35,0.710982658959538,0.188163524005704,2.09611296220121,-0.571088164468546,1,0,1,0,"No"
1,"1st","female",21,0,0,77.9583,"S",1,65.6344,0.258607690374466,1,-0.609753883135628,2.03048281603878,0,0,0,1,"Yes"
0,"3rd","male",26,0,0,7.8958,"S",0,7.8958,0.321437547122393,0.120299720878076,-0.233939043505511,-0.788561148332036,1,0,0,1,"No"
0,"3rd","male",25,0,0,7.7333,"Q",0,7.7333,0.308871575772807,0.117823885035896,-0.309102011431534,-0.796495089304111,1,0,1,0,"No"
1,"1st","male",80,0,0,30,"S",1,30,1,0.457077386248674,3.82486122449975,0.290659885729153,1,0,0,1,"Yes"
0,"3rd","male",51,0,0,7.0542,"S",0,7.0542,0.635586830862026,0.107477176602513,1.64513515464507,-0.829651638929565,1,0,0,1,"No"
1,"1st","male",32,0,0,30.5,"C",1,30.5,0.396833375219904,0.464695342686152,0.217038764050629,0.315072011797077,1,1,0,0,"Yes"
0,"1st","male",40,0,0,0,"S",0,0,0.497361146016587,0,0.818342507458817,-1.17406767834626,1,0,0,1,"No"
0,"3rd","female",9,3,2,27.9,"S",0,27.9,0.107816034179442,0.425081969211267,-1.51170949824791,0.188128956243874,0,0,0,1,"No"
1,"2nd","female",28,0,0,13,"S",0,13,0.346569489821563,0.198066867374426,-0.0836131076534643,-0.539352400580246,0,0,0,1,"Yes"
0,"3rd","male",32,0,0,7.925,"S",0,7.925,0.396833375219904,0.120744609534025,0.217038764050629,-0.787135480169669,1,0,0,1,"No"
0,"2nd","male",31,1,1,26.25,"S",0,26.25,0.384267403870319,0.39994271296759,0.141875796124606,0.107568940219727,1,0,0,1,"No"
0,"3rd","female",41,0,5,39.6875,"S",0,39.6875,0.509927117366172,0.604675292224809,0.89350547538484,0.763644828295171,0,0,0,1,"No"
0,"3rd","male",25,1,0,16.1,"S",0,16.1,0.308871575772807,0.245298197286789,-0.309102011431534,-0.38799721895912,1,0,0,1,"No"
0,"3rd","male",20,0,0,7.8542,"S",0,7.8542,0.246041719024881,0.119665906902478,-0.684916851061652,-0.790592237220887,1,0,0,1,"No"
1,"1st","female",24,0,0,69.3,"C",1,65.6344,0.296305604423222,1,-0.384264979357558,2.03048281603878,0,1,0,0,"Yes"
0,"3rd","female",2,3,2,27.9,"S",0,27.9,0.0198542347323448,0.425081969211267,-2.03785027373007,0.188128956243874,0,0,0,1,"No"
1,"3rd","male",25,0,0,56.4958,"S",0,56.4958,0.308871575772807,0.860765086600929,-0.309102011431534,1.58429750547013,1,0,0,1,"Yes"
1,"3rd","female",0.75,2,1,19.2583,"C",0,19.2583,0.00414677054536316,0.293417780919762,-2.1318039836376,-0.233795583438475,0,1,0,0,"Yes"
1,"1st","male",48,1,0,76.7292,"C",1,65.6344,0.59788891681327,1,1.419646250867,2.03048281603878,1,1,0,0,"Yes"
0,"3rd","male",19,0,0,7.8958,"S",0,7.8958,0.233475747675295,0.120299720878076,-0.760079818987675,-0.788561148332036,1,0,0,1,"No"
1,"1st","male",56,0,0,35.5,"C",1,35.5,0.698416687609952,0.540874907060931,2.02094999427519,0.559193272476312,1,1,0,0,"Yes"
0,"3rd","male",25,0,0,7.55,"S",0,7.55,0.308871575772807,0.115031142205916,-0.309102011431534,-0.805444574720612,1,0,0,1,"No"
1,"3rd","female",23,0,0,7.55,"S",0,7.55,0.283739633073637,0.115031142205916,-0.459427947283581,-0.805444574720612,0,0,0,1,"Yes"
0,"3rd","male",25,0,0,7.8958,"S",0,7.8958,0.308871575772807,0.120299720878076,-0.309102011431534,-0.788561148332036,1,0,0,1,"No"
1,"2nd","female",18,0,1,23,"S",0,23,0.22090977632571,0.350425996123984,-0.835242786913698,-0.0511098792217759,0,0,0,1,"Yes"
0,"3rd","male",21,0,0,8.4333,"S",0,8.4333,0.258607690374466,0.128489024048365,-0.609753883135628,-0.762318112809019,1,0,0,1,"No"
1,"3rd","female",21.5,0,0,7.8292,"Q",0,7.8292,0.264890676049259,0.119285009080604,-0.572172399172616,-0.791812843524284,0,0,1,0,"Yes"
0,"3rd","female",18,0,0,6.75,"Q",0,6.75,0.22090977632571,0.102842411905952,-0.835242786913698,-0.84450397642929,0,0,1,0,"No"
0,"2nd","male",24,2,0,73.5,"S",0,65.6344,0.296305604423222,1,-0.384264979357558,2.03048281603878,1,0,0,1,"No"
0,"3rd","male",25,0,0,7.8958,"S",0,7.8958,0.308871575772807,0.120299720878076,-0.309102011431534,-0.788561148332036,1,0,0,1,"No"
0,"3rd","female",32,1,1,15.5,"Q",0,15.5,0.396833375219904,0.236156649561815,0.217038764050629,-0.417291770240628,0,0,1,0,"No"
0,"2nd","male",23,0,0,13,"S",0,13,0.283739633073637,0.198066867374426,-0.459427947283581,-0.539352400580246,1,0,0,1,"No"
0,"1st","male",58,0,2,113.275,"C",1,65.6344,0.723548630309123,1,2.17127593012724,2.03048281603878,1,1,0,0,"No"
1,"1st","male",50,2,0,133.65,"S",0,65.6344,0.62302085951244,1,1.56997218671905,2.03048281603878,1,0,0,1,"Yes"
0,"3rd","male",40,0,0,7.225,"C",0,7.225,0.497361146016587,0.110079470521556,0.818342507458817,-0.821312456664762,1,1,0,0,"No"
0,"1st","male",47,0,0,25.5875,"S",1,25.5875,0.585322945463684,0.389848920687932,1.34448328294098,0.0752228731797282,1,0,0,1,"No"
0,"3rd","male",36,0,0,7.4958,"S",0,7.4958,0.447097260618246,0.114205355728094,0.517690635754723,-0.808090849186375,1,0,0,1,"No"
1,"3rd","male",20,1,0,7.925,"S",0,7.925,0.246041719024881,0.120744609534025,-0.684916851061652,-0.787135480169669,1,0,0,1,"Yes"
0,"2nd","male",32,2,0,73.5,"S",0,65.6344,0.396833375219904,1,0.217038764050629,2.03048281603878,1,0,0,1,"No"
0,"2nd","male",25,0,0,13,"S",0,13,0.308871575772807,0.198066867374426,-0.309102011431534,-0.539352400580246,1,0,0,1,"No"
0,"3rd","male",25,0,0,7.775,"S",0,7.775,0.308871575772807,0.118459222602781,-0.309102011431534,-0.794459117990046,1,0,0,1,"No"
0,"3rd","male",43,0,0,8.05,"S",0,8.05,0.535059060065343,0.122649098643394,1.04383141123689,-0.781032448652689,1,0,0,1,"No"
1,"1st","female",35,1,0,52,"S",1,52,0.43453128926866,0.792267469497702,0.4425276678287,1.36479343271779,0,0,0,1,"Yes"
1,"2nd","female",40,1,1,39,"S",0,39,0.497361146016587,0.594200602123277,0.818342507458817,0.730078154951776,0,0,0,1,"Yes"
0,"1st","male",31,1,0,52,"S",1,52,0.384267403870319,0.792267469497702,0.141875796124606,1.36479343271779,1,0,0,1,"No"
0,"2nd","male",70,0,0,10.5,"S",0,10.5,0.874340286504147,0.159977085187036,3.07323154523952,-0.661413030919863,1,0,0,1,"No"
1,"2nd","male",31,0,0,13,"S",0,13,0.384267403870319,0.198066867374426,0.141875796124606,-0.539352400580246,1,0,0,1,"Yes"
0,"2nd","male",30,0,0,0,"S",0,0,0.371701432520734,0,0.0667128281985825,-1.17406767834626,1,0,0,1,"No"
0,"3rd","male",18,0,0,7.775,"S",0,7.775,0.22090977632571,0.118459222602781,-0.835242786913698,-0.794459117990046,1,0,0,1,"No"
0,"3rd","male",24.5,0,0,8.05,"S",0,8.05,0.302588590098015,0.122649098643394,-0.346683495394546,-0.781032448652689,1,0,0,1,"No"
1,"3rd","female",18,0,0,9.8417,"S",0,9.8417,0.22090977632571,0.149947283741453,-0.835242786913698,-0.693554036100892,0,0,0,1,"Yes"
0,"3rd","female",43,1,6,46.9,"S",0,46.9,0.535059060065343,0.714564313835428,1.04383141123689,1.11578974682497,0,0,0,1,"No"
1,"1st","male",36,0,1,512.3292,"C",1,65.6344,0.447097260618246,1,0.517690635754723,2.03048281603878,1,1,0,0,"Yes"
0,"3rd","female",21.5,0,0,8.1375,"Q",0,8.1375,0.264890676049259,0.123982241019953,-0.572172399172616,-0.776760326590802,0,0,1,0,"No"
1,"1st","male",27,0,0,76.7292,"C",1,65.6344,0.334003518471978,1,-0.158776075579488,2.03048281603878,1,1,0,0,"Yes"
0,"3rd","male",20,0,0,9.225,"S",0,9.225,0.246041719024881,0.140551296271467,-0.684916851061652,-0.723663952393068,1,0,0,1,"No"
0,"3rd","male",14,5,2,46.9,"S",0,46.9,0.170645890927369,0.714564313835428,-1.13589465861779,1.11578974682497,1,0,0,1,"No"
0,"2nd","male",60,1,1,39,"S",0,39,0.748680573008293,0.594200602123277,2.32160186597928,0.730078154951776,1,0,0,1,"No"
0,"2nd","male",25,1,2,41.5792,"C",0,41.5792,0.308871575772807,0.633497068610363,-0.309102011431534,0.856005666060553,1,1,0,0,"No"
0,"3rd","male",14,4,1,39.6875,"S",0,39.6875,0.170645890927369,0.604675292224809,-1.13589465861779,0.763644828295171,1,0,0,1,"No"
0,"3rd","male",19,0,0,10.1708,"S",0,10.1708,0.233475747675295,0.154961422668601,-0.760079818987675,-0.677485974722984,1,0,0,1,"No"
0,"3rd","male",18,0,0,7.7958,"S",0,7.7958,0.22090977632571,0.118776129590581,-0.835242786913698,-0.793443573545621,1,0,0,1,"No"
1,"1st","female",15,0,1,211.3375,"S",1,65.6344,0.183211862276954,1,-1.06073169069177,2.03048281603878,0,0,0,1,"Yes"
1,"1st","male",31,1,0,57,"S",1,57,0.384267403870319,0.868447033872482,0.141875796124606,1.60891469339702,1,0,0,1,"Yes"
1,"3rd","female",4,0,1,13.4167,"C",0,13.4167,0.0449861774315155,0.20441567226942,-1.88752433787803,-0.519007334715238,0,1,0,0,"Yes"
1,"3rd","male",25,0,0,56.4958,"S",0,56.4958,0.308871575772807,0.860765086600929,-0.309102011431534,1.58429750547013,1,0,0,1,"Yes"
0,"3rd","male",25,0,0,7.225,"C",0,7.225,0.308871575772807,0.110079470521556,-0.309102011431534,-0.821312456664762,1,1,0,0,"No"
0,"1st","male",60,0,0,26.55,"S",0,26.55,0.748680573008293,0.404513486830077,2.32160186597928,0.122216215860481,1,0,0,1,"No"
0,"2nd","male",52,0,0,13.5,"S",0,13.5,0.648152802211611,0.205684823811904,1.7202981225711,-0.514940274512322,1,0,0,1,"No"
0,"3rd","male",44,0,0,8.05,"S",0,8.05,0.547625031414928,0.122649098643394,1.11899437916291,-0.781032448652689,1,0,0,1,"No"
1,"3rd","female",21.5,0,0,7.7333,"Q",0,7.7333,0.264890676049259,0.117823885035896,-0.572172399172616,-0.796495089304111,0,0,1,0,"Yes"
0,"1st","male",49,1,1,110.8833,"C",1,65.6344,0.610454888162855,1,1.49480921879303,2.03048281603878,1,1,0,0,"No"
0,"3rd","male",42,0,0,7.65,"S",1,7.65,0.522493088715758,0.116554733493412,0.968668443310863,-0.800562149507027,1,0,0,1,"No"
1,"1st","female",18,1,0,227.525,"C",1,65.6344,0.22090977632571,1,-0.835242786913698,2.03048281603878,0,1,0,0,"Yes"
1,"1st","male",35,0,0,26.2875,"S",1,26.2875,0.43453128926866,0.400514059700401,0.4425276678287,0.109399849674821,1,0,0,1,"Yes"
0,"3rd","female",18,0,1,14.4542,"C",0,14.4542,0.22090977632571,0.220222931877186,-0.835242786913698,-0.468352173124297,0,1,0,0,"No"
0,"3rd","male",25,0,0,7.7417,"Q",0,7.7417,0.308871575772807,0.117951866704045,-0.309102011431534,-0.79608496558617,1,0,1,0,"No"
0,"3rd","male",26,1,0,7.8542,"S",0,7.8542,0.321437547122393,0.119665906902478,-0.233939043505511,-0.790592237220887,1,0,0,1,"No"
0,"2nd","male",39,0,0,26,"S",0,26,0.484795174667002,0.396133734748851,0.743179539532793,0.0953628771857652,1,0,0,1,"No"
1,"2nd","female",45,0,0,13.5,"S",0,13.5,0.560191002764514,0.205684823811904,1.19415734708893,-0.514940274512322,0,0,0,1,"Yes"
1,"1st","male",42,0,0,26.2875,"S",1,26.2875,0.522493088715758,0.400514059700401,0.968668443310863,0.109399849674821,1,0,0,1,"Yes"
1,"1st","female",22,0,0,151.55,"S",0,65.6344,0.271173661724051,1,-0.534590915209605,2.03048281603878,0,0,0,1,"Yes"
1,"3rd","male",25,1,1,15.2458,"C",0,15.2458,0.308871575772807,0.232283680509001,-0.309102011431534,-0.429702895133561,1,1,0,0,"Yes"
1,"1st","female",24,0,0,49.5042,"C",1,49.5042,0.296305604423222,0.754241678144388,-0.384264979357558,1.24293786423714,0,1,0,0,"Yes"
0,"1st","male",40,0,0,26.55,"S",1,26.55,0.497361146016587,0.404513486830077,0.818342507458817,0.122216215860481,1,0,0,1,"No"
1,"1st","male",48,1,0,52,"S",1,52,0.59788891681327,0.792267469497702,1.419646250867,1.36479343271779,1,0,0,1,"Yes"
0,"3rd","male",29,0,0,9.4833,"S",0,9.4833,0.359135461171149,0.144486732567068,-0.00845013972744087,-0.711052648066379,1,0,0,1,"No"
0,"2nd","male",52,0,0,13,"S",0,13,0.648152802211611,0.198066867374426,1.7202981225711,-0.539352400580246,1,0,0,1,"No"
0,"3rd","male",19,0,0,7.65,"S",1,7.65,0.233475747675295,0.116554733493412,-0.760079818987675,-0.800562149507027,1,0,0,1,"No"
1,"1st","female",38,0,0,227.525,"C",1,65.6344,0.472229203317416,1,0.66801657160677,2.03048281603878,0,1,0,0,"Yes"
1,"2nd","female",27,0,0,10.5,"S",1,10.5,0.334003518471978,0.159977085187036,-0.158776075579488,-0.661413030919863,0,0,0,1,"Yes"
0,"3rd","male",25,0,0,15.5,"Q",0,15.5,0.308871575772807,0.236156649561815,-0.309102011431534,-0.417291770240628,1,0,1,0,"No"
0,"3rd","male",33,0,0,7.775,"S",0,7.775,0.40939934656949,0.118459222602781,0.292201731976653,-0.794459117990046,1,0,0,1,"No"
1,"2nd","female",6,0,1,33,"S",0,33,0.0701181201306861,0.502785124873542,-1.73719840202598,0.437132642136694,0,0,0,1,"Yes"
0,"3rd","male",17,1,0,7.0542,"S",0,7.0542,0.208343804976125,0.107477176602513,-0.910405754839722,-0.829651638929565,1,0,0,1,"No"
0,"2nd","male",34,0,0,13,"S",0,13,0.421965317919075,0.198066867374426,0.367364699902676,-0.539352400580246,1,0,0,1,"No"
0,"2nd","male",50,0,0,13,"S",0,13,0.62302085951244,0.198066867374426,1.56997218671905,-0.539352400580246,1,0,0,1,"No"
1,"1st","male",27,1,0,53.1,"S",1,53.1,0.334003518471978,0.809026973660154,-0.158776075579488,1.41850011006722,1,0,0,1,"Yes"
0,"3rd","male",20,0,0,8.6625,"S",0,8.6625,0.246041719024881,0.131981095279305,-0.684916851061652,-0.751127594219482,1,0,0,1,"No"
1,"2nd","female",30,3,0,21,"S",0,21,0.371701432520734,0.319954170374072,0.0667128281985825,-0.14875838349347,0,0,0,1,"Yes"
1,"3rd","female",21.5,0,0,7.7375,"Q",0,7.7375,0.264890676049259,0.117887875869971,-0.572172399172616,-0.796290027445141,0,0,1,0,"Yes"
0,"2nd","male",25,1,0,26,"S",0,26,0.308871575772807,0.396133734748851,-0.309102011431534,0.0953628771857652,1,0,0,1,"No"
0,"3rd","female",25,1,0,7.925,"S",0,7.925,0.308871575772807,0.120744609534025,-0.309102011431534,-0.787135480169669,0,0,0,1,"No"
1,"1st","female",29,0,0,211.3375,"S",1,65.6344,0.359135461171149,1,-0.00845013972744087,2.03048281603878,0,0,0,1,"Yes"
0,"3rd","male",11,0,0,18.7875,"C",0,18.7875,0.132947976878613,0.286244713138232,-1.36138356239586,-0.256782041344031,1,1,0,0,"No"
0,"2nd","male",30,0,0,0,"S",0,0,0.371701432520734,0,0.0667128281985825,-1.17406767834626,1,0,0,1,"No"
0,"2nd","male",23,0,0,13,"S",0,13,0.283739633073637,0.198066867374426,-0.459427947283581,-0.539352400580246,1,0,0,1,"No"
0,"2nd","male",23,0,0,13,"S",0,13,0.283739633073637,0.198066867374426,-0.459427947283581,-0.539352400580246,1,0,0,1,"No"
0,"3rd","male",28.5,0,0,16.1,"S",0,16.1,0.352852475496356,0.245298197286789,-0.0460316236904526,-0.38799721895912,1,0,0,1,"No"
0,"3rd","female",48,1,3,34.375,"S",0,34.375,0.59788891681327,0.523734505076606,1.419646250867,0.504265988823484,0,0,0,1,"No"
1,"1st","male",35,0,0,512.3292,"C",1,65.6344,0.43453128926866,1,0.4425276678287,2.03048281603878,1,1,0,0,"Yes"
0,"3rd","male",25,0,0,7.8958,"S",0,7.8958,0.308871575772807,0.120299720878076,-0.309102011431534,-0.788561148332036,1,0,0,1,"No"
0,"3rd","male",25,0,0,7.8958,"S",0,7.8958,0.308871575772807,0.120299720878076,-0.309102011431534,-0.788561148332036,1,0,0,1,"No"
1,"1st","male",40,0,0,30,"S",1,30,0.497361146016587,0.457077386248674,0.818342507458817,0.290659885729153,1,0,0,1,"Yes"
0,"1st","male",36,1,0,78.85,"S",1,65.6344,0.447097260618246,1,0.517690635754723,2.03048281603878,1,0,0,1,"No"
1,"1st","female",21,2,2,262.375,"C",1,65.6344,0.258607690374466,1,-0.609753883135628,2.03048281603878,0,1,0,0,"Yes"
0,"3rd","male",24,1,0,16.1,"S",0,16.1,0.296305604423222,0.245298197286789,-0.384264979357558,-0.38799721895912,1,0,0,1,"No"
1,"3rd","male",31,0,0,7.925,"S",0,7.925,0.384267403870319,0.120744609534025,0.141875796124606,-0.787135480169669,1,0,0,1,"Yes"
0,"1st","male",70,1,1,71,"S",1,65.6344,0.874340286504147,1,3.07323154523952,2.03048281603878,1,0,0,1,"No"
0,"3rd","male",16,1,1,20.25,"S",0,20.25,0.195777833626539,0.308527235717855,-0.985568722765745,-0.185376572595355,1,0,0,1,"No"
1,"2nd","female",30,0,0,13,"S",0,13,0.371701432520734,0.198066867374426,0.0667128281985825,-0.539352400580246,0,0,0,1,"Yes"
0,"1st","male",19,1,0,53.1,"S",1,53.1,0.233475747675295,0.809026973660154,-0.760079818987675,1.41850011006722,1,0,0,1,"No"
0,"3rd","male",31,0,0,7.75,"Q",0,7.75,0.384267403870319,0.118078324780908,0.141875796124606,-0.795679724293443,1,0,1,0,"No"
1,"2nd","female",4,1,1,23,"S",0,23,0.0449861774315155,0.350425996123984,-1.88752433787803,-0.0511098792217759,0,0,0,1,"Yes"
1,"3rd","male",6,0,1,12.475,"S",1,12.475,0.0701181201306861,0.190068013115074,-1.73719840202598,-0.564985132951566,1,0,0,1,"Yes"
0,"3rd","male",33,0,0,9.5,"S",0,9.5,0.40939934656949,0.14474117231208,0.292201731976653,-0.71023728305571,1,0,0,1,"No"
0,"3rd","male",23,0,0,7.8958,"S",0,7.8958,0.283739633073637,0.120299720878076,-0.459427947283581,-0.788561148332036,1,0,0,1,"No"
1,"2nd","female",48,1,2,65,"S",0,65,0.59788891681327,0.990334336872128,1.419646250867,1.9995087104838,0,0,0,1,"Yes"
1,"2nd","male",0.67,1,1,14.5,"S",0,14.5,0.00314149283739633,0.220920736686859,-2.13781702107168,-0.466116022376475,1,0,0,1,"Yes"
0,"3rd","male",28,0,0,7.7958,"S",0,7.7958,0.346569489821563,0.118776129590581,-0.0836131076534643,-0.793443573545621,1,0,0,1,"No"
0,"2nd","male",18,0,0,11.5,"S",0,11.5,0.22090977632571,0.175212998061992,-0.835242786913698,-0.612588778784016,1,0,0,1,"No"
0,"3rd","male",34,0,0,8.05,"S",0,8.05,0.421965317919075,0.122649098643394,0.367364699902676,-0.781032448652689,1,0,0,1,"No"
1,"1st","female",33,0,0,86.5,"S",1,65.6344,0.40939934656949,1,0.292201731976653,2.03048281603878,0,0,0,1,"Yes"
0,"3rd","male",25,0,0,14.5,"S",0,14.5,0.308871575772807,0.220920736686859,-0.309102011431534,-0.466116022376475,1,0,0,1,"No"
0,"3rd","male",41,0,0,7.125,"S",0,7.125,0.509927117366172,0.10855587923406,0.89350547538484,-0.826194881878347,1,0,0,1,"No"
1,"3rd","male",20,0,0,7.2292,"C",0,7.2292,0.246041719024881,0.110143461355631,-0.684916851061652,-0.821107394805792,1,1,0,0,"Yes"
1,"1st","female",36,1,2,120,"S",1,65.6344,0.447097260618246,1,0.517690635754723,2.03048281603878,0,0,0,1,"Yes"
0,"3rd","male",16,0,0,7.775,"S",0,7.775,0.195777833626539,0.118459222602781,-0.985568722765745,-0.794459117990046,1,0,0,1,"No"
1,"1st","female",51,1,0,77.9583,"S",1,65.6344,0.635586830862026,1,1.64513515464507,2.03048281603878,0,0,0,1,"Yes"
0,"1st","male",40,0,0,39.6,"C",0,39.6,0.497361146016587,0.60334214984825,0.818342507458817,0.759372706233285,1,1,0,0,"No"
0,"3rd","female",30.5,0,0,7.75,"Q",0,7.75,0.377984418195527,0.118078324780908,0.104294312161594,-0.795679724293443,0,0,1,0,"No"
0,"3rd","male",25,1,0,24.15,"Q",0,24.15,0.308871575772807,0.367947295930183,-0.309102011431534,0.00503801073444814,1,0,1,0,"No"
0,"3rd","male",32,0,0,8.3625,"S",0,8.3625,0.396833375219904,0.127410321416818,0.217038764050629,-0.765774869860236,1,0,0,1,"No"
0,"3rd","male",24,0,0,9.5,"S",0,9.5,0.296305604423222,0.14474117231208,-0.384264979357558,-0.71023728305571,1,0,0,1,"No"
0,"3rd","male",48,0,0,7.8542,"S",0,7.8542,0.59788891681327,0.119665906902478,1.419646250867,-0.790592237220887,1,0,0,1,"No"
0,"2nd","female",57,0,0,10.5,"S",1,10.5,0.710982658959538,0.159977085187036,2.09611296220121,-0.661413030919863,0,0,0,1,"No"
0,"3rd","male",25,0,0,7.225,"C",0,7.225,0.308871575772807,0.110079470521556,-0.309102011431534,-0.821312456664762,1,1,0,0,"No"
1,"2nd","female",54,1,3,23,"S",0,23,0.673284744910782,0.350425996123984,1.87062405842314,-0.0511098792217759,0,0,0,1,"Yes"
0,"3rd","male",18,0,0,7.75,"S",0,7.75,0.22090977632571,0.118078324780908,-0.835242786913698,-0.795679724293443,1,0,0,1,"No"
0,"3rd","male",25,0,0,7.75,"Q",1,7.75,0.308871575772807,0.118078324780908,-0.309102011431534,-0.795679724293443,1,0,1,0,"No"
1,"3rd","female",5,0,0,12.475,"S",0,12.475,0.0575521487811008,0.190068013115074,-1.812361369952,-0.564985132951566,0,0,0,1,"Yes"
0,"3rd","male",25,0,0,7.7375,"Q",0,7.7375,0.308871575772807,0.117887875869971,-0.309102011431534,-0.796290027445141,1,0,1,0,"No"
1,"1st","female",43,0,1,211.3375,"S",1,65.6344,0.535059060065343,1,1.04383141123689,2.03048281603878,0,0,0,1,"Yes"
1,"3rd","female",13,0,0,7.2292,"C",0,7.2292,0.158079919577783,0.110143461355631,-1.21105762654382,-0.821107394805792,0,1,0,0,"Yes"
1,"1st","female",17,1,0,57,"S",1,57,0.208343804976125,0.868447033872482,-0.910405754839722,1.60891469339702,0,0,0,1,"Yes"
0,"1st","male",29,0,0,30,"S",1,30,0.359135461171149,0.457077386248674,-0.00845013972744087,0.290659885729153,1,0,0,1,"No"
0,"3rd","male",25,1,2,23.45,"S",0,23.45,0.308871575772807,0.357282156917714,-0.309102011431534,-0.0291389657606447,1,0,0,1,"No"
0,"3rd","male",25,0,0,7.05,"S",0,7.05,0.308871575772807,0.107413185768439,-0.309102011431534,-0.829856700788536,1,0,0,1,"No"
0,"3rd","male",25,0,0,7.25,"S",0,7.25,0.308871575772807,0.11046036834343,-0.309102011431534,-0.820091850361366,1,0,0,1,"No"
1,"3rd","female",18,0,0,7.4958,"S",0,7.4958,0.22090977632571,0.114205355728094,-0.835242786913698,-0.808090849186375,0,0,0,1,"Yes"
0,"3rd","male",8,4,1,29.125,"Q",0,29.125,0.0952500628298567,0.443745962483088,-1.58687246617393,0.247938665110287,1,0,1,0,"No"
1,"3rd","male",1,1,2,20.575,"S",0,20.575,0.00728826338275949,0.313478907402216,-2.1130132416561,-0.169508690651205,1,0,0,1,"Yes"
0,"1st","male",46,0,0,79.2,"C",1,65.6344,0.572756974114099,1,1.26932031501496,2.03048281603878,1,1,0,0,"No"
0,"3rd","male",25,0,0,7.75,"Q",0,7.75,0.308871575772807,0.118078324780908,-0.309102011431534,-0.795679724293443,1,0,1,0,"No"
0,"2nd","male",16,0,0,26,"S",0,26,0.195777833626539,0.396133734748851,-0.985568722765745,0.0953628771857652,1,0,0,1,"No"
0,"3rd","female",21.5,8,2,69.55,"S",0,65.6344,0.264890676049259,1,-0.572172399172616,2.03048281603878,0,0,0,1,"No"
0,"1st","male",40,0,0,30.6958,"C",0,30.6958,0.497361146016587,0.467678534427069,0.818342507458817,0.324631800365275,1,1,0,0,"No"
0,"3rd","male",25,0,0,7.8958,"S",0,7.8958,0.308871575772807,0.120299720878076,-0.309102011431534,-0.788561148332036,1,0,0,1,"No"
0,"2nd","male",39,0,0,13,"S",0,13,0.484795174667002,0.198066867374426,0.743179539532793,-0.539352400580246,1,0,0,1,"No"
1,"1st","female",49,0,0,25.9292,"S",1,25.9292,0.610454888162855,0.395055032117304,1.49480921879303,0.0919061201345473,0,0,0,1,"Yes"
1,"3rd","female",31,0,0,8.6833,"S",0,8.6833,0.384267403870319,0.132298002267104,0.141875796124606,-0.750112049775057,0,0,0,1,"Yes"
0,"3rd","male",30,0,0,7.2292,"C",0,7.2292,0.371701432520734,0.110143461355631,0.0667128281985825,-0.821107394805792,1,1,0,0,"No"
0,"3rd","female",30,1,1,24.15,"S",0,24.15,0.371701432520734,0.367947295930183,0.0667128281985825,0.00503801073444814,0,0,0,1,"No"
0,"2nd","male",34,0,0,13,"S",0,13,0.421965317919075,0.198066867374426,0.367364699902676,-0.539352400580246,1,0,0,1,"No"
1,"2nd","female",31,1,1,26.25,"S",0,26.25,0.384267403870319,0.39994271296759,0.141875796124606,0.107568940219727,0,0,0,1,"Yes"
1,"1st","male",11,1,2,120,"S",1,65.6344,0.132947976878613,1,-1.36138356239586,2.03048281603878,1,0,0,1,"Yes"
1,"3rd","male",0.42,0,1,8.5167,"C",0,8.5167,0,0.129759699182136,-2.15660776305319,-0.758246170180889,1,1,0,0,"Yes"
1,"3rd","male",27,0,0,6.975,"S",0,6.975,0.334003518471978,0.106270492302817,-0.158776075579488,-0.833518519698724,1,0,0,1,"Yes"
0,"3rd","male",31,0,0,7.775,"S",0,7.775,0.384267403870319,0.118459222602781,0.141875796124606,-0.794459117990046,1,0,0,1,"No"
0,"1st","male",39,0,0,0,"S",1,0,0.484795174667002,0,0.743179539532793,-1.17406767834626,1,0,0,1,"No"
0,"3rd","female",18,0,0,7.775,"S",0,7.775,0.22090977632571,0.118459222602781,-0.835242786913698,-0.794459117990046,0,0,0,1,"No"
0,"2nd","male",39,0,0,13,"S",0,13,0.484795174667002,0.198066867374426,0.743179539532793,-0.539352400580246,1,0,0,1,"No"
1,"1st","female",33,1,0,53.1,"S",1,53.1,0.40939934656949,0.809026973660154,0.292201731976653,1.41850011006722,0,0,0,1,"Yes"
0,"3rd","male",26,0,0,7.8875,"S",0,7.8875,0.321437547122393,0.120173262801214,-0.233939043505511,-0.788966389624764,1,0,0,1,"No"
0,"3rd","male",39,0,0,24.15,"S",0,24.15,0.484795174667002,0.367947295930183,0.743179539532793,0.00503801073444814,1,0,0,1,"No"
0,"2nd","male",35,0,0,10.5,"S",0,10.5,0.43453128926866,0.159977085187036,0.4425276678287,-0.661413030919863,1,0,0,1,"No"
0,"3rd","female",6,4,2,31.275,"S",0,31.275,0.0701181201306861,0.476503175164243,-1.73719840202598,0.352910807202358,0,0,0,1,"No"
0,"3rd","male",30.5,0,0,8.05,"S",0,8.05,0.377984418195527,0.122649098643394,0.104294312161594,-0.781032448652689,1,0,0,1,"No"
0,"1st","male",40,0,0,0,"S",1,0,0.497361146016587,0,0.818342507458817,-1.17406767834626,1,0,0,1,"No"
0,"3rd","female",23,0,0,7.925,"S",0,7.925,0.283739633073637,0.120744609534025,-0.459427947283581,-0.787135480169669,0,0,0,1,"No"
0,"2nd","male",31,1,1,37.0042,"C",0,37.0042,0.384267403870319,0.56379276720744,0.141875796124606,0.632634712539053,1,1,0,0,"No"
0,"3rd","male",43,0,0,6.45,"S",0,6.45,0.535059060065343,0.098271638043465,1.04383141123689,-0.859151252070044,1,0,0,1,"No"
0,"3rd","male",10,3,2,27.9,"S",0,27.9,0.120382005529027,0.425081969211267,-1.43654653032189,0.188128956243874,1,0,0,1,"No"
1,"1st","female",52,1,1,93.5,"S",1,65.6344,0.648152802211611,1,1.7202981225711,2.03048281603878,0,0,0,1,"Yes"
1,"3rd","male",27,0,0,8.6625,"S",0,8.6625,0.334003518471978,0.131981095279305,-0.158776075579488,-0.751127594219482,1,0,0,1,"Yes"
0,"1st","male",38,0,0,0,"S",0,0,0.472229203317416,0,0.66801657160677,-1.17406767834626,1,0,0,1,"No"
1,"3rd","female",27,0,1,12.475,"S",1,12.475,0.334003518471978,0.190068013115074,-0.158776075579488,-0.564985132951566,0,0,0,1,"Yes"
0,"3rd","male",2,4,1,39.6875,"S",0,39.6875,0.0198542347323448,0.604675292224809,-2.03785027373007,0.763644828295171,1,0,0,1,"No"
0,"3rd","male",25,0,0,6.95,"Q",0,6.95,0.308871575772807,0.105889594480943,-0.309102011431534,-0.83473912600212,1,0,1,0,"No"
0,"3rd","male",25,0,0,56.4958,"S",0,56.4958,0.308871575772807,0.860765086600929,-0.309102011431534,1.58429750547013,1,0,0,1,"No"
1,"2nd","male",1,0,2,37.0042,"C",0,37.0042,0.00728826338275949,0.56379276720744,-2.1130132416561,0.632634712539053,1,1,0,0,"Yes"
1,"3rd","male",25,0,0,7.75,"Q",0,7.75,0.308871575772807,0.118078324780908,-0.309102011431534,-0.795679724293443,1,0,1,0,"Yes"
1,"1st","female",62,0,0,80,"S",1,65.6344,0.773812515707464,1,2.47192780183133,2.03048281603878,0,0,0,1,"Yes"
1,"3rd","female",15,1,0,14.4542,"C",0,14.4542,0.183211862276954,0.220222931877186,-1.06073169069177,-0.468352173124297,0,1,0,0,"Yes"
1,"2nd","male",0.83,1,1,18.75,"S",0,18.75,0.00515204825332998,0.285673366405422,-2.12579094620352,-0.258612950799126,1,0,0,1,"Yes"
0,"3rd","male",25,0,0,7.2292,"C",0,7.2292,0.308871575772807,0.110143461355631,-0.309102011431534,-0.821107394805792,1,1,0,0,"No"
0,"3rd","male",23,0,0,7.8542,"S",0,7.8542,0.283739633073637,0.119665906902478,-0.459427947283581,-0.790592237220887,1,0,0,1,"No"
0,"3rd","male",18,0,0,8.3,"S",0,8.3,0.22090977632571,0.126458076862133,-0.835242786913698,-0.768826385618727,1,0,0,1,"No"
1,"1st","female",39,1,1,83.1583,"C",1,65.6344,0.484795174667002,1,0.743179539532793,2.03048281603878,0,1,0,0,"Yes"
0,"3rd","male",21,0,0,8.6625,"S",0,8.6625,0.258607690374466,0.131981095279305,-0.609753883135628,-0.751127594219482,1,0,0,1,"No"
0,"3rd","male",25,0,0,8.05,"S",0,8.05,0.308871575772807,0.122649098643394,-0.309102011431534,-0.781032448652689,1,0,0,1,"No"
1,"3rd","male",32,0,0,56.4958,"S",0,56.4958,0.396833375219904,0.860765086600929,0.217038764050629,1.58429750547013,1,0,0,1,"Yes"
1,"1st","male",40,0,0,29.7,"C",1,29.7,0.497361146016587,0.452506612386188,0.818342507458817,0.276012610088399,1,1,0,0,"Yes"
0,"3rd","male",20,0,0,7.925,"S",0,7.925,0.246041719024881,0.120744609534025,-0.684916851061652,-0.787135480169669,1,0,0,1,"No"
0,"2nd","male",16,0,0,10.5,"S",0,10.5,0.195777833626539,0.159977085187036,-0.985568722765745,-0.661413030919863,1,0,0,1,"No"
1,"1st","female",30,0,0,31,"C",0,31,0.371701432520734,0.47231329912363,0.0667128281985825,0.339484137865,0,1,0,0,"Yes"
0,"3rd","male",34.5,0,0,6.4375,"C",0,6.4375,0.428248303593868,0.0980811891325281,0.404946183865688,-0.859761555221742,1,1,0,0,"No"
0,"3rd","male",17,0,0,8.6625,"S",0,8.6625,0.208343804976125,0.131981095279305,-0.910405754839722,-0.751127594219482,1,0,0,1,"No"
0,"3rd","male",42,0,0,7.55,"S",0,7.55,0.522493088715758,0.115031142205916,0.968668443310863,-0.805444574720612,1,0,0,1,"No"
0,"3rd","male",25,8,2,69.55,"S",0,65.6344,0.308871575772807,1,-0.309102011431534,2.03048281603878,1,0,0,1,"No"
0,"3rd","male",35,0,0,7.8958,"C",0,7.8958,0.43453128926866,0.120299720878076,0.4425276678287,-0.788561148332036,1,1,0,0,"No"
0,"2nd","male",28,0,1,33,"S",0,33,0.346569489821563,0.502785124873542,-0.0836131076534643,0.437132642136694,1,0,0,1,"No"
1,"1st","female",35,1,0,89.1042,"C",1,65.6344,0.43453128926866,1,0.4425276678287,2.03048281603878,0,1,0,0,"Yes"
0,"3rd","male",4,4,2,31.275,"S",0,31.275,0.0449861774315155,0.476503175164243,-1.88752433787803,0.352910807202358,1,0,0,1,"No"
0,"3rd","male",74,0,0,7.775,"S",0,7.775,0.924604171902488,0.118459222602781,3.37388341694361,-0.794459117990046,1,0,0,1,"No"
0,"3rd","female",9,1,1,15.2458,"C",0,15.2458,0.107816034179442,0.232283680509001,-1.51170949824791,-0.429702895133561,0,1,0,0,"No"
1,"1st","female",16,0,1,39.4,"S",1,39.4,0.195777833626539,0.600294967273259,-0.985568722765745,0.749607855806115,0,0,0,1,"Yes"
0,"2nd","female",44,1,0,26,"S",0,26,0.547625031414928,0.396133734748851,1.11899437916291,0.0953628771857652,0,0,0,1,"No"
1,"3rd","female",18,0,1,9.35,"S",0,9.35,0.22090977632571,0.142455785380837,-0.835242786913698,-0.717560920876087,0,0,0,1,"Yes"
1,"1st","female",45,1,1,164.8667,"S",0,65.6344,0.560191002764514,1,1.19415734708893,2.03048281603878,0,0,0,1,"Yes"
1,"1st","male",51,0,0,26.55,"S",1,26.55,0.635586830862026,0.404513486830077,1.64513515464507,0.122216215860481,1,0,0,1,"Yes"
1,"3rd","female",24,0,3,19.2583,"C",0,19.2583,0.296305604423222,0.293417780919762,-0.384264979357558,-0.233795583438475,0,1,0,0,"Yes"
0,"3rd","male",25,0,0,7.2292,"C",0,7.2292,0.308871575772807,0.110143461355631,-0.309102011431534,-0.821107394805792,1,1,0,0,"No"
0,"3rd","male",41,2,0,14.1083,"S",0,14.1083,0.509927117366172,0.214952829613739,0.89350547538484,-0.485240481938087,1,0,0,1,"No"
0,"2nd","male",21,1,0,11.5,"S",0,11.5,0.258607690374466,0.175212998061992,-0.609753883135628,-0.612588778784016,1,0,0,1,"No"
1,"1st","female",48,0,0,25.9292,"S",1,25.9292,0.59788891681327,0.395055032117304,1.419646250867,0.0919061201345473,0,0,0,1,"Yes"
0,"3rd","female",21.5,8,2,69.55,"S",0,65.6344,0.264890676049259,1,-0.572172399172616,2.03048281603878,0,0,0,1,"No"
0,"2nd","male",24,0,0,13,"S",0,13,0.296305604423222,0.198066867374426,-0.384264979357558,-0.539352400580246,1,0,0,1,"No"
1,"2nd","female",42,0,0,13,"S",0,13,0.522493088715758,0.198066867374426,0.968668443310863,-0.539352400580246,0,0,0,1,"Yes"
1,"2nd","female",27,1,0,13.8583,"C",0,13.8583,0.334003518471978,0.211143851395,-0.158776075579488,-0.497446544972048,0,1,0,0,"Yes"
0,"1st","male",31,0,0,50.4958,"S",1,50.4958,0.384267403870319,0.769349609351194,0.141875796124606,1.29135199265505,1,0,0,1,"No"
0,"3rd","male",25,0,0,9.5,"S",0,9.5,0.308871575772807,0.14474117231208,-0.309102011431534,-0.71023728305571,1,0,0,1,"No"
1,"3rd","male",4,1,1,11.1333,"S",0,11.1333,0.0449861774315155,0.169625988810746,-1.88752433787803,-0.630492632042231,1,0,0,1,"Yes"
0,"3rd","male",26,0,0,7.8958,"S",0,7.8958,0.321437547122393,0.120299720878076,-0.233939043505511,-0.788561148332036,1,0,0,1,"No"
1,"1st","female",47,1,1,52.5542,"S",1,52.5542,0.585322945463684,0.800711212413003,1.34448328294098,1.39185183325147,0,0,0,1,"Yes"
0,"1st","male",33,0,0,5,"S",1,5,0.40939934656949,0.0761795643747791,0.292201731976653,-0.929946417667022,1,0,0,1,"No"
0,"3rd","male",47,0,0,9,"S",0,9,0.585322945463684,0.137123215874602,1.34448328294098,-0.734649409123634,1,0,0,1,"No"
1,"2nd","female",28,1,0,24,"C",0,24,0.346569489821563,0.36566190899894,-0.0836131076534643,-0.00228562708592884,0,1,0,0,"Yes"
1,"3rd","female",15,0,0,7.225,"C",0,7.225,0.183211862276954,0.110079470521556,-1.06073169069177,-0.821312456664762,0,1,0,0,"Yes"
0,"3rd","male",20,0,0,9.8458,"S",0,9.8458,0.246041719024881,0.15000975098424,-0.684916851061652,-0.693353856667135,1,0,0,1,"No"
0,"3rd","male",19,0,0,7.8958,"S",0,7.8958,0.233475747675295,0.120299720878076,-0.760079818987675,-0.788561148332036,1,0,0,1,"No"
0,"3rd","male",25,0,0,7.8958,"S",0,7.8958,0.308871575772807,0.120299720878076,-0.309102011431534,-0.788561148332036,1,0,0,1,"No"
1,"1st","female",56,0,1,83.1583,"C",1,65.6344,0.698416687609952,1,2.02094999427519,2.03048281603878,0,1,0,0,"Yes"
1,"2nd","female",25,0,1,26,"S",0,26,0.308871575772807,0.396133734748851,-0.309102011431534,0.0953628771857652,0,0,0,1,"Yes"
0,"3rd","male",33,0,0,7.8958,"S",0,7.8958,0.40939934656949,0.120299720878076,0.292201731976653,-0.788561148332036,1,0,0,1,"No"
0,"3rd","female",22,0,0,10.5167,"S",0,10.5167,0.271173661724051,0.160231524932048,-0.534590915209605,-0.660597665909195,0,0,0,1,"No"
0,"2nd","male",28,0,0,10.5,"S",0,10.5,0.346569489821563,0.159977085187036,-0.0836131076534643,-0.661413030919863,1,0,0,1,"No"
0,"3rd","male",25,0,0,7.05,"S",0,7.05,0.308871575772807,0.107413185768439,-0.309102011431534,-0.829856700788536,1,0,0,1,"No"
0,"3rd","female",39,0,5,29.125,"Q",0,29.125,0.484795174667002,0.443745962483088,0.743179539532793,0.247938665110287,0,0,1,0,"No"
0,"2nd","male",27,0,0,13,"S",0,13,0.334003518471978,0.198066867374426,-0.158776075579488,-0.539352400580246,1,0,0,1,"No"
1,"1st","female",19,0,0,30,"S",1,30,0.233475747675295,0.457077386248674,-0.760079818987675,0.290659885729153,0,0,0,1,"Yes"
0,"3rd","female",21.5,1,2,23.45,"S",0,23.45,0.264890676049259,0.357282156917714,-0.572172399172616,-0.0291389657606447,0,0,0,1,"No"
1,"1st","male",26,0,0,30,"C",1,30,0.321437547122393,0.457077386248674,-0.233939043505511,0.290659885729153,1,1,0,0,"Yes"
0,"3rd","male",32,0,0,7.75,"Q",0,7.75,0.396833375219904,0.118078324780908,0.217038764050629,-0.795679724293443,1,0,1,0,"No"
